ID,Unit,Facie,depth,MS,Den,FP,TS,TC,TIC,TOC,BioSi,TN,TOC/TN,d15N,d13C,Montmorillonite,Muscovite,Talc,Riebeckite,Clinochlore,Microcline,Quartz,Albite,Amorphous
CHILL-LEM13-2C-1U 21-22 cm,U1,D1,0,44.8263,1.2104,0.8832,0.17489,2.423,0,2.423,19.5909536366,0.278,10.1684652278,1.4289025406,-25.6322472711,Present,0.14,0.096,0.075,0.192,0.284,2.206,8.716,39.4
CHILL-LEM13-2C-1U 22-23 cm,U1,D1,1,55.861,1.3906,0.7726,0.22951,1.8964,0,1.8964,18.7777138684,,,,,,,,,,,,,
CHILL-LEM13-2C-1U 23-24 cm,U1,D1,2,,,,0.2292,2.0317,0,2.0317,19.2226688017,,,,,,,,,,,,,
CHILL-LEM13-2C-1U 24-25 cm,U1,D1,3,67.4362,1.4145,0.758,0.2667,2.1059,0.19598,1.90992,20.1905895526,,,,,,,,,,,,,
CHILL-LEM13-2C-1U 25-26 cm,U1,D1,4,,,,0.25487,2.0686,0,2.0686,19.3207285074,,,,,,,,,,,,,
CHILL-LEM13-2C-1U 26-27 cm,U1,D1,5,79.9575,1.443,0.7405,0.28564,1.9684,0.027671,1.940729,19.2110804401,0.21,10.7818277778,3.1663487075,-26.178120257,,,,,,,,,
CHILL-LEM13-2C-1U 27-28 cm,U1,D1,6,,,,0.22691,1.381,0.26218,1.11882,19.3663639374,,,,,,,,,,,,,
CHILL-LEM13-2C-1U 28-29 cm,U1,D1,7,97.9357,1.4405,0.742,0.28636,1.8752,0.11262,1.76258,20.4220774187,,,,,,,,,,,,,
CHILL-LEM13-2C-1U 29-30 cm,U1,D2,8,,,,0.26073,1.8916,0,1.8916,18.6576098826,,,,,,,,,,,,,
CHILL-LEM13-2C-1U 30-31 cm,U1,D2,9,113.6049,1.4983,0.7066,0.21178,1.7273,0.013166,1.714134,19.488813652,,,,,,,,,,,,,
CHILL-LEM13-2C-1U 31-32 cm,U1,D2,10,,,,0.17617,1.4648,0,1.4648,17.7184322188,0.175,9.7653333333,1.5256947174,-26.0969099349,Present,Present,0.131,0.089,Present,0.248,1.554,11.28,38.32
CHILL-LEM13-2C-1U 32-33 cm,U1,D2,11,127.8827,1.5365,0.6832,0.18241,1.2566,0,1.2566,18.4317481143,,,,,,,,,,,,,
CHILL-LEM13-2C-1U 33-34 cm,U1,D2,12,,,,0.28001,1.8354,0,1.8354,19.8123260287,,,,,0.203,0.163,0,0.693,Present,0.439,0.513,38.66,23.37
CHILL-LEM13-2C-1U 34-35 cm,U1,T1,13,117.4218,1.756,0.5484,0.19569,0.53755,0,0.53755,12.1875856214,0.036,17.4206018519,,,0,0,Present,0,0,0.1,0.442,30.94,17.22
CHILL-LEM13-2C-1U 35-36 cm,U2,D3,14,,,,0.36739,2.0315,0.053653,1.977847,19.2962415578,,,,,,,,,,,,,
CHILL-LEM13-2C-1U 36-37 cm,U2,D3,15,130.5343,1.4265,0.7506,0.54416,3.1184,0.039191,3.079209,21.3535979506,,,1.208517452,-24.4417985246,,,,,,,,,
CHILL-LEM13-2C-1U 37-38 cm,U2,D3,16,,,,0.59917,3.4015,0.082589,3.318911,21.3131555302,,,,,,,,,,,,,
CHILL-LEM13-2C-1U 38-39 cm,U2,D3,17,106.9535,1.3672,0.787,0.52709,3.4973,0.085735,3.411565,20.9186903311,,,,,Present,0,Present,0,0.185,0,1.142,4.461,42.47
CHILL-LEM13-2C-1U 39-40 cm,U2,D3,18,,,,0.4529,3.5597,0.047876,3.511824,21.6757476955,0.489,8.3785848671,,,,,,,,,,,
CHILL-LEM13-2C-1U 40-41 cm,U2,D3,19,78.7933,1.3846,0.7763,0.52744,3.8687,0,3.8687,21.2852715877,,,,,,,,,,,,,
CHILL-LEM13-2C-1U 41-42 cm,U2,D3,20,,,,0.683,4.2604,0.0057761,4.2546239,20.5872412467,,,0.6273273069,-24.9605794522,,,,,,,,,
CHILL-LEM13-2C-1U 42-43 cm,U2,D3,21,63.3976,1.3514,0.7967,0.57147,4.2372,0.015041,4.222159,18.7195672622,,,,,,,,,,,,,
CHILL-LEM13-2C-1U 43-44 cm,U2,D5,22,,,,0.71704,4.385,0.0062007,4.3787993,20.3005071002,,,,,Present,0.106,0.206,0,Present,Present,1.508,3.51,35.04
CHILL-LEM13-2C-1U 44-45 cm,U2,D5,23,57.5008,1.3211,0.8153,0.77353,4.4646,0.043124,4.421476,20.4134969357,0.572,9.0181620047,,,,,,,,,,,
CHILL-LEM13-2C-1U 45-46 cm,U2,D3,24,,,,0.66855,4.0467,0.28327,3.76343,20.5064379332,,,,,,,,,,,,,
CHILL-LEM13-2C-1U 46-47 cm,U2,D3,25,54.8674,1.3533,0.7955,0.74787,4.2912,0,4.2912,20.7513669266,,,1.3038750486,-24.490108224,,,,,,,,,
CHILL-LEM13-2C-1U 47-48 cm,U2,D3,26,,,,0.75776,3.9338,0,3.9338,20.3845094006,,,,,,,,,,,,,
CHILL-LEM13-2C-1U 48-49 cm,U2,D3,27,56.8291,1.3768,0.7811,0.60685,3.5146,0.17316,3.34144,19.7558671672,,,,,,,,,,,,,
CHILL-LEM13-2C-1U 49-50 cm,U2,D3,28,,,,0.68121,3.8176,0.031886,3.785714,19.9223842394,,,,,0.117,Present,0.135,Present,0.145,0.985,1.11,6.054,37.73
CHILL-LEM13-2C-1U 50-51 cm,U2,D3,29,59.7307,1.3673,0.7869,0.68248,3.3763,0.05755,3.31875,20.5730300643,0.42,9.21875,,,,,,,,,,,
CHILL-LEM13-2C-1U 51-52 cm,U2,D3,30,,,,0.56449,3.2507,0,3.2507,20.8624574232,,,1.0060662819,-24.785174982,,,,,,,,,
CHILL-LEM13-2C-1U 52-53 cm,U2,D3,31,62.3825,1.3734,0.7832,0.60667,3.4353,0.81365,2.62165,20.5925036419,,,,,,,,,,,,,
CHILL-LEM13-2C-1U 53-54 cm,U2,D3,32,,,,0.72092,3.6131,0,3.6131,21.0846344324,,,,,Present,0.16,Present,Present,0.096,0.405,1.306,4.152,50.46
CHILL-LEM13-2C-1U 54-55 cm,U2,D3,33,68.9295,1.3424,0.8022,0.65222,3.6269,0.19447,3.43243,20.7471877782,0.492,8.1392310298,,,,,,,,,,,
CHILL-LEM13-2C-1U 55-56 cm,U2,D3,34,,,,0.70462,3.4938,0.042586,3.451214,20.9892294892,,,,,,,,,,,,,
CHILL-LEM13-2C-1U 56-57 cm,U2,D3,35,77.4865,1.3711,0.7846,0.80261,3.9,0,3.9,20.2477999314,,,0.7479224575,-24.1059825882,,,,,,,,,
CHILL-LEM13-2C-1U 57-58 cm,U2,D5,36,,,,0.98001,4.1921,0.04214,4.14996,20.7152723262,,,,,,,,,,,,,
CHILL-LEM13-2C-1U 58-59 cm,U2,D5,37,100.6948,1.3444,0.801,0.93813,4.1696,0,4.1696,20.7649955495,,,,,,,,,,,,,
CHILL-LEM13-2C-1U 59-60 cm,U2,D3,38,,,,0.93557,3.9074,0.10333,3.80407,20.4689352534,0.507,8.7536127548,,,0,0.132,0.051,0.098,0.278,0.236,0.891,5.974,35.24
CHILL-LEM13-2C-1U 60-61 cm,U2,D3,39,141.013,1.3489,0.7982,0.64661,3.4499,0.097681,3.352219,20.233652439,,,,,,,,,,,,,
CHILL-LEM13-2C-1U 61-62 cm,U2,D3,40,,,,0.56319,2.6776,0.12693,2.55067,19.5775637018,,,1.1571498844,-24.1349558315,,,,,,,,,
CHILL-LEM13-2C-1U 62-63 cm,U2,D3,41,189.9413,1.4375,0.7439,0.50268,2.3848,0,2.3848,19.5262422655,,,,,,,,,,,,,
CHILL-LEM13-2C-1U 63-64 cm,U2,D3,42,,,,0.29392,1.0198,0.027433,0.992367,12.9848846788,,,,,,,,,,,,,
CHILL-LEM13-2C-1U 64-65 cm,U2,T2,43,210.7652,1.7182,0.5717,0.19045,0.60009,0.060373,0.539717,11.4319393514,,,,,,,,,,,,,
CHILL-LEM13-2C-1U 65-66 cm,U2,T2,44,,,,0.16623,0.49356,0,0.49356,10.4654820915,,,,,0,0.397,Present,0.185,0.204,0.721,2.646,22.92,12.81
CHILL-LEM13-2C-1U 66-67 cm,U2,T2,45,224.5223,1.8597,0.4849,0.20407,0.62059,0,0.62059,11.2585918096,,,1.5265514124,-24.6146343597,,,,,,,,,
CHILL-LEM13-2C-1U 67-68 cm,U2,D4,46,,,,0.26593,1.1704,0.081932,1.088468,16.3052017539,,,,,,,,,,,,,
CHILL-LEM13-2C-1U 68-69 cm,U2,D4,47,273.6497,1.5446,0.6782,0.2541,0.9695,0.011862,0.957638,14.030437444,,,,,0.332,0.93,0.07,Present,0.176,0.47,1.249,17.7,32.19
CHILL-LEM13-2C-1U 69-70 cm,U2,D4,48,,,,0.3228,1.422,0,1.422,15.2632708494,,,,,,,,,,,,,
CHILL-LEM13-2C-1U 70-71 cm,U2,D4,49,242.4503,1.6962,0.5851,0.24878,1.0898,0.10901,0.98079,14.9609649408,,,,,Present,1.509,0,Present,0.155,0.189,1.261,11.59,58.98
"CHILL-LEM13-3A-1U, 6-7 cm",U2,D4,50,,,,0.30082,1.6356,0,1.6356,14.5747315755,0.23362,8.1679650715,1.199052623,-25.701907309,0,0.8,Present,Present,Present,0.372,0.561,12.46,36.25
"CHILL-LEM13-3A-1U, 7-8 cm",U2,T3,51,,,,0.14287,0.66949,0.077893,0.591597,6.1099986583,,,,,,,,,,,,,
"CHILL-LEM13-3A-1U, 8-9 cm",U2,T3,52,135.7545,1.8002,0.5214,0.19725,1.2012,0.069739,1.131461,9.4147412703,,,,,,,,,,,,,
"CHILL-LEM13-3A-1U, 9-10 cm",U2,T3,53,,,,0.1222,0.46531,0.012134,0.453176,7.1639100371,,,,,,,,,,,,,
"CHILL-LEM13-3A-1U, 10-11 cm",U2,T3,54,136.7043,2.0887,0.3444,0.099648,0.35875,0,0.35875,6.6104028105,0.0494,8.4725033738,,,0,4.021,0,0.134,0.073,0.198,4.14,15.65,54.41
"CHILL-LEM13-3A-1U, 11-12 cm",U2,T3,55,,,,0.086749,0.34896,0,0.34896,5.4910521361,,,0.2750772327,-24.7162754066,,,,,,,,,
"CHILL-LEM13-3A-1U, 12-13 cm",U2,T3,56,208.8644,1.5313,0.6863,0.11202,0.75333,0,0.75333,10.5834410378,,,,,,,,,,,,,
"CHILL-LEM13-3A-1U, 13-14 cm",U2,D4,57,,,,0.32272,3.2259,0,3.2259,21.252556725,0.60621,6.2083271474,,,0,0,Present,Present,Present,0.196,0.644,6.251,46.98
"CHILL-LEM13-3A-1U, 14-15 cm",U2,D4,58,241.7228,1.4886,0.7125,0.37709,2.7827,0.047384,2.735316,19.5775990637,,,,,,,,,,,,,
"CHILL-LEM13-3A-1U, 15-16 cm",U2,T4,59,,,,0.17662,1.0933,0.0058584,1.0874416,11.9272786125,,,,,,,,,,,,,
"CHILL-LEM13-3A-1U, 16-17 cm",U2,T4,60,181.0147,2.1236,0.3229,0.10103,0.4759,0,0.4759,7.0009754972,,,1.5689365485,-27.6623500475,,,,,,,,,
"CHILL-LEM13-3A-1U, 17-18 cm",U2,T4,61,,,,0.098452,0.40311,0,0.40311,6.3537048947,0.117,4.0196153846,,,0,0.574,Present,Present,0,Present,0.165,8.278,14.88
"CHILL-LEM13-3A-1U, 18-19 cm",U2,T4,62,163.3769,2.1537,0.3045,0.083892,0.48293,0.0024103,0.4805197,6.1127420098,,,,,,,,,,,,,
"CHILL-LEM13-3A-1U, 19-20 cm",U2,T4,63,,,,0.090848,1.0295,0.28172,0.74778,16.4721364837,,,,,,,,,,,,,
"CHILL-LEM13-3A-1U, 20-21 cm",U3,D4,64,196.0858,1.3662,0.7876,0.30844,3.9165,0,3.9165,21.8697703838,0.53079,8.6083950338,,,,,,,,,,,
"CHILL-LEM13-3A-1U, 21-22 cm",U3,D4,65,,,,0.37036,3.7941,0,,,,,1.9108246223,-23.6337927685,,,,,,,,,
"CHILL-LEM13-3A-1U, 22-23 cm",U3,D4,66,131.6702,1.3578,0.7927,0.29542,3.8299,0.13832,3.69158,21.9969429752,,,,,,,,,,,,,
"CHILL-LEM13-3A-1U, 23-24 cm",U3,D4,67,,,,0.27587,3.81,0.25068,3.55932,21.7998101689,,,,,,,,,,,,,
"CHILL-LEM13-3A-1U, 24-25 cm",U3,D3,68,86.9492,1.3599,0.7915,0.3181,4.0615,0,4.0615,22.9551539638,,,,,,,,,,,,,
"CHILL-LEM13-3A-1U, 25-26 cm",U3,D3,69,,,,0.37101,4.3748,0,4.3748,23.3769579324,0.63305,8.0624489903,,,0,Present,Present,Present,Present,0.194,1.122,3.016,61.48
"CHILL-LEM13-3A-1U, 26-27 cm",U3,D3,70,65.8022,1.3108,0.8216,0.43424,4.3797,0,4.3797,23.1998597663,,,1.548261202,-25.0979719863,,,,,,,,,
"CHILL-LEM13-3A-1U, 27-28 cm",U3,D3,71,,,,0.63336,4.5534,0,4.5534,23.9029520467,,,,,,,,,,,,,
"CHILL-LEM13-3A-1U, 28-29 cm",U3,D5,72,55.389,1.3097,0.8223,0.71914,4.6222,0,4.6222,,,,,,,,,,,,,,
"CHILL-LEM13-3A-1U, 29-30 cm",U3,D4,73,,,,0.6534,3.8381,0,3.8381,,,,,,,,,,,,,,
"CHILL-LEM13-3A-1U, 30-31 cm",U3,D4,74,52.7065,1.3005,0.8279,0.34388,3.4685,0.020684,3.447816,23.5083062141,0.57419,7.0054372246,,,,,,,,,,,
"CHILL-LEM13-3A-1U, 31-32 cm",U3,D4,75,,,,0.3205,2.5311,0,2.5311,20.7265777675,,,1.3616255084,-25.6630407009,,,,,,,,,
"CHILL-LEM13-3A-1U, 32-33 cm",U3,D4,76,46.272,1.4319,0.7473,0.44837,3.2969,0.072931,3.223969,22.4387762415,,,,,,,,,,,,,
"CHILL-LEM13-3A-1U, 33-34 cm",U3,D3,77,,,,0.55245,4.0577,0.17602,3.88168,22.6689472677,0.46222,9.797556719,,,0,Present,Present,Present,Present,0.227,1.452,3.379,51.23
"CHILL-LEM13-3A-1U, 34-35 cm",U3,D4,78,48.8797,1.2621,0.8515,0.39633,3.8573,0.26539,3.59191,22.0971332968,,,,,,,,,,,,,
"CHILL-LEM13-3A-1U, 35-36 cm",U3,D4,79,,,,0.4996,3.9789,0,3.9789,22.9415267438,,,,,,,,,,,,,
"CHILL-LEM13-3A-1U, 36-37 cm",U3,D3,80,42.2204,1.3529,0.7958,0.48013,4.3525,0,4.3525,,,,1.5750830955,-25.3614765727,,,,,,,,,
"CHILL-LEM13-3A-1U, 37-38 cm",U3,D3,81,,,,0.6655,4.5551,0,4.5551,,,,,,,,,,,,,,
"CHILL-LEM13-3A-1U, 38-39 cm",U3,D5,82,41.0436,1.3221,0.8147,0.48735,4.913,0,4.913,,,,,,,,,,,,,,
"CHILL-LEM13-3A-1U, 39-40 cm",U3,D3,83,,,,0.27263,4.4771,0,4.4771,23.1562911106,,,,,,,,,,,,,
"CHILL-LEM13-3A-1U, 40-41 cm",U3,D3,84,38.7678,1.3555,0.7942,0.32167,4.3086,0.14524,4.16336,23.1842266713,0.63077,7.7005141864,,,0,Present,0,0,Present,0.291,1.846,3.486,46.57
"CHILL-LEM13-3A-1U, 41-42 cm",U3,D3,85,,,,0.40346,4.0765,0.009844,4.066656,23.0812089095,,,1.1675238604,-25.045931764,,,,,,,,,
"CHILL-LEM13-3A-1U, 42-43 cm",U3,D3,86,38.2289,1.3746,0.7825,0.50193,4.0491,0,4.0491,21.9491877763,,,,,,,,,,,,,
"CHILL-LEM13-3A-1U, 43-44 cm",U3,D4,87,,,,0.4287,3.4282,0,3.4282,22.6539109617,,,,,,,,,,,,,
"CHILL-LEM13-3A-1U, 44-45 cm",U3,D4,88,36.9083,1.3928,0.7713,0.55639,3.5096,0.059026,3.450574,22.1051228834,0.5971,6.7420359515,,,,,,,,,,,
"CHILL-LEM13-3A-1U, 45-46 cm",U3,D4,89,,,,0.5599,3.6635,0.031473,3.632027,22.4877820558,,,,,,,,,,,,,
"CHILL-LEM13-3A-1U, 46-47 cm",U3,D3,90,36.772,1.3359,0.8062,0.53518,4.5983,0,4.5983,,,,1.3987522685,-26.0105953544,,,,,,,,,
"CHILL-LEM13-3A-1U, 47-48 cm",U3,D5,91,,,,0.68725,4.7504,0,4.7504,23.8491299309,0.76889,7.2079664625,,,Present,Present,0,0,Present,0.266,1.141,2.686,60.63
"CHILL-LEM13-3A-1U, 48-49 cm",U3,D3,92,34.3263,1.3479,0.7989,0.52588,4.6193,0,4.6193,23.7810071635,,,,,,,,,,,,,
"CHILL-LEM13-3A-1U, 49-50 cm",U3,D3,93,,,,0.99518,4.5715,0,4.5715,,,,,,,,,,,,,,
"CHILL-LEM13-3A-1U, 50-51 cm",U3,D3,94,35.1093,1.2853,0.8373,0.54817,4.3332,0,4.3332,,,,,,,,,,,,,,
"CHILL-LEM13-3A-1U, 51-52 cm",U3,D3,95,,,,0.35977,4.2464,0,4.2464,22.9237164251,,,1.6290063314,-24.726872577,,,,,,,,,
"CHILL-LEM13-3A-1U, 52-53 cm",U3,D3,96,33.5036,1.3298,0.8099,0.38217,4.1398,0.0099291,4.1298709,23.2364675893,,,,,,,,,,,,,
"CHILL-LEM13-3A-1U, 53-54 cm",U3,D4,97,,,,0.50143,3.9808,0.00057993,3.98022007,23.1380769491,0.43053,10.7857526343,,,0,0,Present,0,0,0.448,1.117,2.531,46.46
"CHILL-LEM13-3A-1U, 54-55 cm",U3,D4,98,33.5835,1.3607,0.791,0.55964,3.783,0.050046,3.732954,22.7647366551,,,,,,,,,,,,,
"CHILL-LEM13-3A-1U, 55-56 cm",U3,D3,99,,,,0.66556,4.2309,0.079224,4.151676,23.0366643487,,,,,,,,,,,,,
"CHILL-LEM13-3A-1U, 56-57 cm",U3,D5,100,34.3747,1.3792,0.7797,0.55698,4.4364,0,4.4364,22.6567911,,,1.2848741737,-25.8276029706,,,,,,,,,
"CHILL-LEM13-3A-1U, 57-58 cm",U3,D3,101,,,,0.66354,4.4102,0,4.4102,23.7031189257,,,,,,,,,,,,,
"CHILL-LEM13-3A-1U, 58-59 cm",U3,D3,102,36.6632,1.371,0.7847,0.76095,4.197,0,4.197,22.9288649481,0.59867,8.1789633688,,,0,0.164,Present,0,Present,0.529,1.123,2.087,38.45
"CHILL-LEM13-3A-1U, 59-60 cm",U3,D3,103,,,,0.79358,4.0994,0,4.0994,23.7052571234,,,,,,,,,,,,,
"CHILL-LEM13-3A-1U, 60-61 cm",U3,D4,104,39.0681,1.3743,0.7826,0.71879,3.9192,0,3.9192,23.9343139867,,,,,,,,,,,,,
"CHILL-LEM13-3A-1U, 61-62 cm",U3,D4,105,,,,0.57913,3.5738,0.29139,3.28241,22.6364776326,,,1.7551723262,-26.0963149462,,,,,,,,,
"CHILL-LEM13-3A-1U, 62-63 cm",U3,D4,106,41.2101,1.3999,0.767,0.70068,3.6142,0.13687,3.47733,23.5043591124,,,,,,,,,,,,,
"CHILL-LEM13-3A-1U, 63-64 cm",U3,D3,107,,,,0.80733,4.2728,0.18481,4.08799,23.5384348637,,,,,,,,,,,,,
"CHILL-LEM13-3A-1U, 64-65 cm",U3,D5,108,47.7385,1.3759,0.7816,0.77378,4.5219,0,4.5219,23.3688098227,0.58664,8.9928235374,,,Present,Present,Present,Present,0.134,0.361,1.117,5.124,45.09
"CHILL-LEM13-3A-1U, 65-66 cm",U3,D3,109,,,,0.67139,4.266,0,4.266,23.6979289556,,,,,,,,,,,,,
"CHILL-LEM13-3A-1U, 66-67 cm",U3,D3,110,57.6352,1.3874,0.7746,0.74965,4.0143,0,4.0143,22.3361206371,,,,,,,,,,,,,
"CHILL-LEM13-3A-1U, 67-68 cm",U3,D4,111,,,,0.71746,3.9017,0.15074,3.75096,21.8423729244,,,,,,,,,,,,,
"CHILL-LEM13-3A-1U, 68-69 cm",U3,D4,112,75.7969,1.3489,0.7982,0.63119,3.2016,0,3.2016,21.1067125754,,,,,,,,,,,,,
"CHILL-LEM13-3A-1U, 69-70 cm",U3,T5,113,,,,0.54821,1.4605,0,1.4605,14.8264586091,,,,,,,,,,,,,
"CHILL-LEM13-3A-1U, 70-71 cm",U3,T5,114,88.0796,1.4266,0.7505,0.65662,2.0392,0,2.0392,18.8886084051,0.4278,5.5611656537,,,Present,0.205,0,Present,0,Present,0.295,32.15,17.53
"CHILL-LEM13-3A-1U, 71-72 cm",U3,D5,115,,,,0.88296,4.7393,0,4.7393,23.8753546502,,,2.3649830492,-26.2565293028,,,,,,,,,
"CHILL-LEM13-3A-1U, 72-73 cm",U3,D3,116,100.9189,1.3866,0.7751,0.75961,4.2319,0.34574,3.88616,20.154762198,,,,,,,,,,,,,
"CHILL-LEM13-3A-1U, 73-74 cm",U3,D3,117,,,,0.65385,4.5249,0.16983,4.35507,23.2763669068,,,,,,,,,,,,,
"CHILL-LEM13-3A-1U, 74-75 cm",U3,D3,118,115.5819,1.3194,0.8163,0.78033,4.4216,0.015814,4.405786,23.7901098934,,,,,,,,,,,,,
"CHILL-LEM13-3A-1U, 75-76 cm",U3,D3,119,,,,0.89354,4.6355,0.028396,4.607104,23.8634781124,0.72929,7.3701197969,,,0,0,0,Present,Present,0.455,0.833,2.303,47.06
"CHILL-LEM13-3A-1U, 76-77 cm",U3,D4,120,139.0807,1.3634,0.7893,0.82527,3.8727,0,3.8727,23.4744831823,,,2.0357798922,-27.5555987255,,,,,,,,,
"CHILL-LEM13-3A-1U, 77-78 cm",U3,D4,121,,,,0.83521,3.3741,0,3.3741,23.0322081653,,,,,,,,,,,,,
"CHILL-LEM13-3A-1U, 78-79 cm",U3,L1,122,194.2367,1.3908,0.7725,0.63356,2.243,0,2.243,18.3683352867,,,,,,,,,,,,,
"CHILL-LEM13-3A-1U, 79-80 cm",U3,L1,123,,,,0.3917,1.1756,0.015909,1.159691,11.9795065584,0.42356,3.1942884912,,,Present,0.608,Present,0.641,Present,0.225,0.576,25.41,17.42
"CHILL-LEM13-3A-1U, 80-81 cm",U3,L1,124,208.7841,1.8219,0.508,0.099648,0.35875,0,0.35875,,,,,,,,,,,,,,
"CHILL-LEM13-3A-1U, 81-82 cm",U3,L1,125,,,,0.086749,0.34896,0,0.34896,,,,,,,,,,,,,,
"CHILL-LEM13-3A-1U, 82-83 cm",U3,L1,126,255.3404,1.8229,0.5074,0.099648,0.35875,0,0.35875,,,,,,,,,,,,,,
"CHILL-LEM13-3A-1U, 83-84 cm",U3,L1,127,,,,0.086749,0.34896,0,0.34896,,,,,,,,,,,,,,
"CHILL-LEM13-3A-1U, 84-85 cm",U3,L1,128,246.3238,1.9036,0.4579,0.21937,1.5275,0.16606,1.36144,16.4918851659,0.4206,3.776382945,,,,,,,,,,,
"CHILL-LEM13-3A-1U, 85-86 cm",U3,D4,129,,,,0.34761,2.2573,0,2.2573,21.2314141668,,,,,,,,,,,,,
"CHILL-LEM13-3A-1U, 86-87 cm",U3,D4,130,271.4345,1.4414,0.7415,0.75622,3.0989,0.020852,3.078048,17.1852724131,,,2.0106120273,-27.5121991477,,,,,,,,,
"CHILL-LEM13-3A-1U, 87-88 cm",U3,D4,131,,,,0.82645,3.6953,0,3.6953,25.0465455473,0.73038,5.9026579771,,,Present,Present,0.166,0.165,Present,0.31,0.608,2.257,34.83
"CHILL-LEM13-3A-1U, 88-89 cm",U3,D4,132,207.6022,1.3784,0.7801,0.94904,3.4977,0,3.4977,26.5288546124,,,,,,,,,,,,,
"CHILL-LEM13-3A-1U, 89-90 cm",U3,D4,133,,,,1.1339,3.9783,0,3.9783,23.6139900595,,,,,,,,,,,,,
"CHILL-LEM13-3A-1U, 90-91 cm",U3,D4,134,146.8013,1.3735,0.7831,1.3213,3.1445,0,3.1445,25.4443256542,,,,,,,,,,,,,
"CHILL-LEM13-3A-1U, 91-92 cm",U3,D4,135,,,,2.9299,2.7926,0,2.7926,,,,1.7885771497,-29.5277095754,,,,,,,,,
"CHILL-LEM13-3A-1U, 92-93 cm",U3,T6,136,105.9211,1.3859,0.7755,0.68129,0.94106,0.091865,0.849195,13.147662105,0.46689,2.1219719848,,,Present,0.424,0,Present,Present,0,0.281,9.539,25.62
"CHILL-LEM13-3A-1U, 93-94 cm",U3,D3,137,,,,0.62724,4.029,0.1763,3.8527,26.6167786377,,,,,,,,,,,,,
"CHILL-LEM13-3A-1U, 94-95 cm",U3,D4,138,82.7408,1.3462,0.7999,1.2054,3.7134,0.013932,3.699468,25.5633058117,,,,,,,,,,,,,
"CHILL-LEM13-3A-1U, 95-96 cm",U3,D4,139,,,,1.0813,3.8721,0,3.8721,,,,,,,,,,,,,,
"CHILL-LEM13-3A-1U, 96-97 cm",U3,D5,140,61.7382,1.3878,0.7744,0.59046,4.575,0,4.575,23.1877965155,0.49373,10.8105644786,2.3945192074,-25.7571840693,0,0,0.326,0,Present,Present,1.487,2.046,38.22
"CHILL-LEM13-3A-1U, 97-98 cm",U3,D5,141,,,,0.34336,4.4986,0,4.4986,23.4535784101,,,,,,,,,,,,,
"CHILL-LEM13-3A-1U, 98-99 cm",U3,D3,142,49.305,1.367,0.7871,0.30429,4.1,0.92235,3.17765,22.2280578365,,,,,,,,,,,,,
"CHILL-LEM13-3A-1U, 99-100 cm",U3,D3,143,,,,0.80814,4.0238,0,4.0238,22.5496425036,0.46444,10.1077283036,,,0,0,0.461,Present,0,Present,0.977,5.731,38.14
"CHILL-LEM13-3A-1U, 100-101 cm",U3,D4,144,41.2777,1.3561,0.7938,0.62832,3.537,0,3.537,,,,,,,,,,,,,,
"CHILL-LEM13-3A-1U, 101-102 cm",U3,D3,145,,,,0.72379,3.9137,0,3.9137,24.0052848567,,,1.6599029993,-27.2083412072,,,,,,,,,
"CHILL-LEM13-3A-1U, 102-103 cm",U3,D5,146,36.4026,1.3808,0.7786,1.0422,4.4538,0.011396,4.442404,22.8690770519,,,,,,,,,,,,,
CHILL-LEM13-3A-1U 103-104 cm,U3,D3,147,,,,1.102,3.9618,0.088734,3.873066,23.8179663269,,,,,,,,,,,,,
"CHILL-LEM13-3A-1U, 104-105 cm",U3,D4,148,34.7136,1.3657,0.7879,0.8186,3.2742,0.22016,3.05404,22.828689233,,,,,,,,,,,,,
"CHILL-LEM13-3A-1U, 105-106 cm",U3,D5,149,,,,1.1642,4.4597,0,4.4597,23.9135979606,0.44,11.8249621212,,,0.182,Present,0.159,Present,0.415,0.582,2.12,3.919,53.1
"CHILL-LEM13-3A-1U, 106-107 cm",U3,D5,150,32.801,1.3931,0.7711,1.2038,4.0375,0.12947,3.90803,23.6454711958,,,2.0896934879,-28.556027538,,,,,,,,,
"CHILL-LEM13-3A-1U, 107-108 cm",U3,D4,151,,,,1.4187,3.489,0.14361,3.34539,23.4676856981,,,,,,,,,,,,,
"CHILL-LEM13-3A-1U, 108-109 cm",U3,D4,152,30.6274,1.3987,0.7677,1.2391,3.5871,0.71128,2.87582,23.6788008901,,,,,,,,,,,,,
"CHILL-LEM13-3A-1U, 109-110 cm",U3,D5,153,,,,1.3101,3.943,0.063887,3.879113,23.4434290856,0.452,10.0124598083,,,Present,0,Present,Present,0,0.113,0.844,1.725,45.78
"CHILL-LEM13-3A-1U, 110-111 cm",U3,D5,154,28.8909,1.3839,0.7768,0.91525,3.9291,0.066463,3.862637,22.6634765174,,,,,,,,,,,,,
"CHILL-LEM13-3A-1U, 111-112 cm",U3,D4,155,,,,0.46421,3.4979,0.081817,3.416083,21.7242942173,,,2.3900303665,-26.2966110454,,,,,,,,,
"CHILL-LEM13-3A-1U, 112-113 cm",U3,D4,156,27.4025,1.334,0.8074,0.47923,3.6077,0.068067,3.539633,22.741760742,,,,,,,,,,,,,
CHILL-LEM13-3A-1U 113-114 cm ,U3,D4,157,,,,0.4008,3.499,0.048453,3.450547,22.2993265847,0.411,9.7947400649,,,0,Present,Present,0,0,Present,1.136,1.637,32.43
"CHILL-LEM13-3A-1U, 114-115 cm",U3,D4,158,26.0803,1.3359,0.8062,0.84547,3.674,0.10597,3.56803,24.2470629595,,,,,,,,,,,,,
"CHILL-LEM13-3A-1U, 115-116 cm",U3,D4,159,,,,0.84953,3.6065,0.034981,3.571519,22.7101428218,,,,,,,,,,,,,
"CHILL-LEM13-3A-1U, 116-117 cm",U3,D4,160,25.1742,1.3613,0.7906,0.76245,3.3042,0.13181,3.17239,23.4510990543,,,2.0411083196,-25.4731180898,,,,,,,,,
"CHILL-LEM13-3A-1U, 117-118 cm",U3,D4,161,,,,0.8072,3.3872,0.059836,3.327364,23.133607562,,,,,,,,,,,,,
"CHILL-LEM13-3A-1U, 118-119 cm",U3,D4,162,24.4341,1.3792,0.7796,0.48284,3.0354,0.023376,3.012024,23.033897786,0.406,8.6552413793,,,0,0,Present,0,0,0.256,0.686,0.892,32.12
"CHILL-LEM13-3A-1U, 119-120 cm",U3,D4,163,,,,0.77034,3.1814,0,3.1814,21.3345090704,,,,,,,,,,,,,
"CHILL-LEM13-3A-1U, 120-121 cm",U3,D4,164,25.0593,1.3448,0.8007,0.99243,3.5163,0.022808,3.493492,20.8076079208,,,,,,,,,,,,,
"CHILL-LEM13-3A-1U, 121-122 cm",U3,D3,165,,,,0.77809,3.8955,0,3.8955,21.0274684701,,,2.0076217454,-26.0176195408,,,,,,,,,
"CHILL-LEM13-3A-1U, 122-123 cm",U3,D4,166,24.5209,1.3743,0.7826,0.4997,3.0113,0.034808,2.976492,20.8994906513,0.392,8.8586071429,,,0,0.161,0.061,Present,0,0.049,0.731,1.628,33.6
CHILL-LEM13-3A-1U 123-124 cm ,U3,D5,167,,,,0.97585,4.5932,0.041498,4.551702,20.6737558318,,,,,,,,,,,,,
"CHILL-LEM13-3A-1U, 124-125 cm",U3,D4,168,25.4584,1.3462,0.7999,0.45519,3.7644,0.11255,3.65185,17.7099277623,,,,,,,,,,,,,
"CHILL-LEM13-3A-1U, 125-126 cm",U3,D4,169,,,,0.38819,3.2576,0.041486,3.216114,19.8876368196,,,,,,,,,,,,,
"CHILL-LEM13-3A-1U, 126-127 cm",U3,D4,170,26.5526,1.3552,0.7944,0.32622,3.3834,0.10801,3.27539,20.7242943456,,,1.866931807,-23.1978888971,,,,,,,,,
"CHILL-LEM13-3A-1U, 127-128 cm",U3,D4,171,,,,0.29929,3.1091,0,3.1091,21.3711800125,0.273,13.2867521368,,,0,Present,0,0,0,Present,0.384,1.027,25.07
"CHILL-LEM13-3A-1U, 128-129 cm",U3,D4,172,29.2673,1.3661,0.7877,0.36641,3.3008,0.077237,3.223563,21.519292592,,,,,,,,,,,,,
"CHILL-LEM13-3A-1U, 129-130 cm",U3,D5,173,,,,1.7318,4.2214,0.031223,4.190177,21.2972936487,,,,,,,,,,,,,
"CHILL-LEM13-3A-1U, 130-131 cm",U3,D5,174,34.2374,1.3843,0.7765,0.92082,3.5607,0.030919,3.529781,21.1538538316,,,,,,,,,,,,,
"CHILL-LEM13-3A-1U, 131-132 cm",U3,D4,175,,,,0.32237,3.1648,0.11951,3.04529,20.1618000469,,,1.7128787452,-22.5300942547,,,,,,,,,
"CHILL-LEM13-3A-1U, 132-133 cm",U3,D4,176,42.9882,1.3538,0.7952,0.59237,3.0332,0.05804,2.97516,17.3431858281,0.49981,6.944678978,,,Present,4.997,0.334,Present,0.087,0.649,6.242,7.189,36.38
CHILL-LEM13-2C-3U 32-33 cm,U3,L2,177,221.0289,1.8863,0.4685,0.44465,0.51744,0,0.51744,7.2291163378,0.32777,1.8417792965,,,0,0.955,Present,0.153,Present,0.141,0.583,12.88,31.16
CHILL-LEM13-2C-3U 33-34 cm,U3,L2,178,,,,0.3081,0.016568,0.13894,-0.122372,7.2887295542,,,,,,,,,,,,,
CHILL-LEM13-2C-3U 34-35 cm,U3,L2,179,268.6604,1.5943,0.6477,0.22631,-0.022039,0.047146,-0.069185,6.6471142116,,,,,,,,,,,,,
CHILL-LEM13-2C-3U 35-36 cm,U3,L2,180,,,,0.25557,0.1072,0,0.1072,6.6645446967,,,,,,,,,,,,,
CHILL-LEM13-2C-3U 36-37 cm,U3,L2,181,228.4903,1.5871,0.6521,0.28431,0.61901,0.2677,0.35131,13.6454811652,0.2517,1.6283737253,,,,,,,,,,,
CHILL-LEM13-2C-3U 37-38 cm,U3,L2,182,,,,0.88458,2.2246,0.052248,2.172352,18.0297919744,,,,,,,,,,,,,
CHILL-LEM13-2C-3U 38-39 cm,U3,D3,183,196.1499,1.3305,0.8095,1.1365,3.8885,0,3.8885,21.0919832766,,,1.9959865991,-27.9307708606,,,,,,,,,
CHILL-LEM13-2C-3U 39-40 cm,U3,D5,184,,,,1.2268,4.2167,0.4561,3.7606,20.6635004771,0.512,8.5690755208,,,0,Present,Present,Present,Present,0.252,1.285,4.78,48.48
CHILL-LEM13-2C-3U 40-41 cm,U3,D3,185,137.8481,1.2593,0.8532,0.90739,3.7506,0.063446,3.687154,21.3878755021,,,1.8010888812,-28.1560909761,,,,,,,,,
CHILL-LEM13-2C-3U 41-42 cm,U3,D4,186,,,,1.3583,3.5766,0.33283,3.24377,20.9060088957,,,,,,,,,,,,,
CHILL-LEM13-2C-3U 42-43 cm,U3,D4,187,92.8612,1.2667,0.8487,1.6271,3.7777,0.38739,3.39031,20.8580897156,,,,,,,,,,,,,
CHILL-LEM13-2C-3U 43-44 cm,U3,D4,188,,,,1.5671,3.5655,0,3.5655,21.117009232,,,,,,,,,,,,,
CHILL-LEM13-2C-3U 44-45 cm,U3,D4,189,68.2361,1.3138,0.8198,1.1286,3.2313,0.0014482,3.2298518,20.6807483493,0.373,10.1023067918,,,0,0.186,Present,Present,Present,Present,0.385,3.824,38.58
CHILL-LEM13-2C-3U 45-46 cm,U3,D4,190,,,,0.91999,2.7132,0.033644,2.679556,21.2103694505,,,1.42855625,-27.3632661166,,,,,,,,,
CHILL-LEM13-2C-3U 46-47 cm,U3,D4,191,60.3193,1.3156,0.8187,1.0392,2.444,0,2.444,20.6163832642,,,,,,,,,,,,,
CHILL-LEM13-2C-3U 47-48 cm,U3,D4,192,,,,0.8283,2.5994,0.066709,2.532691,21.6876483071,,,,,,,,,,,,,
CHILL-LEM13-2C-3U 48-49 cm,U3,D4,193,64.2008,1.2358,0.8676,0.99494,2.9435,0,2.9435,20.2950674197,0.63703,5.3907717585,,,,,,,,,,,
CHILL-LEM13-2C-3U 49-50 cm,U3,D4,194,,,,0.87107,3.1502,0.040499,3.109701,20.698927171,,,,,,,,,,,,,
CHILL-LEM13-2C-3U 50-51 cm,U3,D4,195,62.9825,1.3502,0.7975,1.0264,2.4932,0.20606,2.28714,19.5556434,0.319,8.3646708464,1.2957200191,-27.0871750196,Present,0.158,0,Present,0.144,0.274,1.353,5.974,56.05
CHILL-LEM13-2C-3U 51-52 cm,U3,D4,196,,,,1.1902,2.1425,0,2.1425,20.8959857717,0.26,9.6137820513,,,0,0.043,0.131,Present,0.286,0.223,1.184,4.122,48.67
"CHILL-LEM13-3A-2U, 23-24 cm",U3,T7,197,63.7183,1.5059,0.7019,0.99355,1.0453,0.42648,0.61882,19.7573498085,,,,,,,,,,,,,
"CHILL-LEM13-3A-2U, 24-25 cm",U3,T7,198,,,,1.0398,0.40193,0.40248,-0.00055,8.5065109467,,,-1.151517971,-26.2146085234,,,,,,,,,
"CHILL-LEM13-3A-2U, 25-26 cm",U3,T7,199,58.4965,1.6891,0.5895,0.35502,0.53593,0.18466,0.35127,9.7668603895,0.132,3.1046590909,,,1.176,1.777,0,0,3.041,0.419,3.304,8.536,42.26
"CHILL-LEM13-3A-2U, 26-27 cm",U3,T7,200,,,,0.31735,0.73179,0.16374,0.56805,11.8509641361,,,,,,,,,,,,,
"CHILL-LEM13-3A-2U, 27-28 cm",U3,T7,201,60.8041,1.5592,0.6692,0.3093,1.2672,0.23631,1.03089,15.1311994822,,,,,,,,,,,,,
"CHILL-LEM13-3A-2U, 28-29 cm",U4,TL1,202,,,,0.44529,2.2207,0.22961,1.99109,16.9004395747,,,,,,,,,,,,,
"CHILL-LEM13-3A-2U, 29-30 cm",U4,TL1,203,60.167,1.4713,0.7231,0.47953,2.5793,0.19474,2.38456,18.1495444522,,,-0.4540245449,-18.3549516878,,,,,,,,,
"CHILL-LEM13-3A-2U, 30-31 cm",U4,TL1,204,,,,0.48143,2.6797,0.23591,2.44379,18.513700037,0.252,11.3138425926,,,0.201,0.484,Present,Present,0.368,0.48,2.991,6.86,54.38
"CHILL-LEM13-3A-2U, 31-32 cm",U4,TL1,205,56.3738,1.4893,0.7121,0.48997,2.7338,0.1889,2.5449,17.5415558805,,,,,,,,,,,,,
"CHILL-LEM13-3A-2U, 32-33 cm",U4,TL1,206,,,,0.41221,2.5047,0.3236,2.1811,18.5510884086,,,,,,,,,,,,,
"CHILL-LEM13-3A-2U, 33-34 cm",U4,TL1,207,55.6098,1.4687,0.7247,0.42134,2.4795,0.32997,2.14953,17.9894396937,,,,,,,,,,,,,
"CHILL-LEM13-3A-2U, 34-35 cm",U4,TL1,208,,,,0.44719,2.4147,0.31746,2.09724,18.3941320513,0.3685,6.6398371777,0.0206731716,-18.3279243408,,,,,,,,,
"CHILL-LEM13-3A-2U, 35-36 cm",U4,TL1,209,53.6342,1.4909,0.7111,0.43113,2.406,0.3416,2.0644,18.2213031374,,,,,,,,,,,,,
"CHILL-LEM13-3A-2U, 36-37 cm",U4,TL1,210,,,,0.43692,2.3641,0.30039,2.06371,16.7670559983,,,,,,,,,,,,,
"CHILL-LEM13-3A-2U, 37-38 cm",U4,TL1,211,53.7574,1.4768,0.7198,0.44064,2.4862,0.28736,2.19884,18.1588533343,,,,,,,,,,,,,
"CHILL-LEM13-3A-2U, 38-39 cm",U4,TL1,212,,,,0.46866,2.5162,0.29885,2.21735,18.3200905155,0.235,11.0081205674,,,0.277,0.427,0,0,0.492,0.496,2.889,6.148,51.22
"CHILL-LEM13-3A-2U, 39-40 cm",U4,TL1,213,53.0615,1.4961,0.7079,0.45033,2.5253,0.28861,2.23669,18.6641643605,,,0.080193304,-19.1820672503,,,,,,,,,
"CHILL-LEM13-3A-2U, 40-41 cm",U4,TL1,214,,,,0.42523,2.5781,0.29075,2.28735,17.747578134,,,,,,,,,,,,,
"CHILL-LEM13-3A-2U, 41-42 cm",U4,TL1,215,53.5239,1.5044,0.7028,0.42605,2.5163,0.26735,2.24895,17.2120670203,,,,,,,,,,,,,
"CHILL-LEM13-3A-2U, 42-43 cm",U4,TL1,216,,,,0.42322,2.4781,0.31783,2.16027,17.630299668,0.35685,7.0626733922,,,,,,,,,,,
"CHILL-LEM13-3A-2U, 43-44 cm",U4,TL1,217,53.8139,1.4963,0.7078,0.42525,2.4917,0.32715,2.16455,18.1635412459,,,,,,,,,,,,,
"CHILL-LEM13-3A-2U, 44-45 cm",U4,TL1,218,,,,0.40976,2.4633,0.34382,2.11948,18.3131818348,0.201,12.3021227197,-0.2312643677,-18.6522349562,Present,0.299,Present,Present,0.195,0.577,2.92,6.666,41.05
"CHILL-LEM13-3A-2U, 45-46 cm",U4,TL1,219,54.8856,1.4879,0.7129,0.4088,2.4436,0.32258,2.12102,18.6914300931,,,,,,,,,,,,,
"CHILL-LEM13-3A-2U, 46-47 cm",U4,TL1,220,,,,0.43236,2.5197,0.32809,2.19161,18.4953902547,0.31112,8.2183026914,,,,,,,,,,,
"CHILL-LEM13-3A-2U, 47-48 cm",U4,TL1,221,55.2032,1.5,0.7055,0.42808,2.423,0.31314,2.10986,18.1663549359,,,,,,,,,,,,,
"CHILL-LEM13-3A-2U, 48-49 cm",U4,TL1,222,,,,0.42561,2.4114,0.36458,2.04682,18.3888525597,,,,,,,,,,,,,
"CHILL-LEM13-3A-2U, 49-50 cm",U4,TL1,223,56.2231,1.4727,0.7223,0.42325,2.6381,0.29114,2.34696,18.4184457121,,,-0.3241257506,-16.6509579988,,,,,,,,,
"CHILL-LEM13-3A-2U, 50-51 cm",U4,TL1,224,,,,0.40593,2.7092,0.31453,2.39467,18.4136386049,0.36589,7.6355780881,,,,,,,,,,,
"CHILL-LEM13-3A-2U, 51-52 cm",U4,TL1,225,54.8573,1.5093,0.6998,0.43567,2.5738,0.32676,2.24704,17.6391237027,,,,,,,,,,,,,
"CHILL-LEM13-3A-2U, 52-53 cm",U4,TL1,226,,,,0.42539,2.6667,0.3171,2.3496,18.4539229538,,,,,,,,,,,,,
"CHILL-LEM13-3A-2U, 52-53 cm",U4,TL1,227,55.558,1.4903,0.7115,0.42044,2.561,0.31361,2.24739,18.3448583529,,,,,,,,,,,,,
"CHILL-LEM13-3A-2U, 54-55 cm",U4,TL1,228,,,,0.42418,2.6352,0.3529,2.2823,17.8567646916,,,0.1439332476,-18.7361487407,,,,,,,,,
"CHILL-LEM13-3A-2U, 55-56 cm",U4,TL1,229,54.0631,1.5211,0.6926,0.43946,2.6746,0.36257,2.31203,18.3702131767,0.236,11.4295268362,,,0.13,0.426,0,0,0.24,0.655,2.915,5.747,33.25
"CHILL-LEM13-3A-2U, 56-57 cm",U4,TL1,230,,,,0.39327,2.5889,0.33736,2.25154,17.921072306,,,,,,,,,,,,,
"CHILL-LEM13-3A-2U, 57-58 cm",U4,TL1,231,53.3648,1.509,0.7,0.44926,2.8704,0.30044,2.56996,18.1048689769,,,,,,,,,,,,,
"CHILL-LEM13-3A-2U, 58-59 cm",U4,TL1,232,,,,0.43139,2.7651,0.30913,2.45597,18.0444304535,,,,,,,,,,,,,
"CHILL-LEM13-3A-2U, 59-60 cm",U4,TL1,233,54.2849,1.4624,0.7286,0.43687,2.6924,0.30232,2.39008,17.5876222442,0.26108,10.6803534038,-0.2138864831,-18.0849600515,,,,,,,,,
"CHILL-LEM13-3A-2U, 60-61 cm",U4,TL1,234,,,,0.43463,2.7659,0.31144,2.45446,18.0843511253,,,,,,,,,,,,,
"CHILL-LEM13-3A-2U, 61-62 cm",U4,TL1,235,,,,0.45433,2.6599,0.2393,2.4206,17.8680400157,,,,,,,,,,,,,
"CHILL-LEM13-3A-2U, 62-63 cm",U4,TL1,236,52.9361,1.4888,0.7124,0.44021,2.6423,0.22895,2.41335,17.5401022017,,,,,,,,,,,,,
"CHILL-LEM13-3A-2U, 63-64 cm",U4,TL1,237,,,,0.44477,2.6045,0.22356,2.38094,18.0859221583,0.22751,12.2094120405,,,,,,,,,,,
"CHILL-LEM13-3A-2U, 64-65 cm",U4,TL1,238,53.2185,1.5024,0.704,0.443,2.687,0.22128,2.46572,18.6044490956,,,-0.1243540971,-17.8435692736,,,,,,,,,
"CHILL-LEM13-3A-2U, 65-66 cm",U4,TL1,239,,,,0.43005,2.6686,0.20269,2.46591,18.6341364262,0.254,11.3263582677,,,0.19,0.471,Present,0,0.426,0.56,2.97,5.542,34.74
"CHILL-LEM13-3A-2U, 66-67 cm",U4,TL1,240,53.4568,1.4956,0.7082,0.47236,2.6777,0.21905,2.45865,18.0622391233,,,,,,,,,,,,,
"CHILL-LEM13-3A-2U, 67-68 cm",U4,TL1,241,,,,0.44644,2.7578,0.21421,2.54359,17.9326960435,0.16465,18.0232108513,,,,,,,,,,,
"CHILL-LEM13-3A-2U, 68-69 cm",U4,TL1,242,54.0887,1.4993,0.706,0.44924,2.5881,0.20304,2.38506,17.9728252272,,,,,,,,,,,,,
"CHILL-LEM13-3A-2U, 69-70 cm",U4,TL1,243,,,,0.45368,2.6781,0.20289,2.47521,17.7354324753,,,0.0237590684,-18.3696095826,,,,,,,,,
"CHILL-LEM13-3A-2U, 70-71 cm",U4,TL1,244,53.9914,1.5126,0.6978,0.4599,2.6602,0.17939,2.48081,17.9860269022,,,,,,,,,,,,,
"CHILL-LEM13-3A-2U, 71-72 cm",U4,TL1,245,,,,0.45394,2.6634,0.17913,2.48427,17.243352107,0.19353,14.9760502248,,,,,,,,,,,
"CHILL-LEM13-3A-2U, 72-73 cm",U4,TL1,246,54.4304,1.5214,0.6924,0.44506,2.692,0.20634,2.48566,17.8672323379,,,,,,,,,,,,,
"CHILL-LEM13-3A-2U, 73-74 cm",U4,TL1,247,,,,0.44478,2.645,0.21544,2.42956,17.5901448478,,,,,,,,,,,,,
"CHILL-LEM13-3A-2U, 74-75 cm",U4,TL1,248,54.4991,1.5196,0.6935,0.44139,2.5897,0.24118,2.34852,17.1490538062,,,-0.2358670795,-18.4824204358,,,,,,,,,
"CHILL-LEM13-3A-2U, 75-76 cm",U4,TL1,249,,,,0.43786,2.495,0.1995,2.2955,17.4313447763,0.228,11.7459795322,,,0.227,0.386,Present,Present,0.491,0.555,3.548,6.459,42.42
"CHILL-LEM13-3A-2U, 76-77 cm",U4,TL1,250,54.4044,1.5328,0.6854,0.45621,2.6235,0.20696,2.41654,17.2052528362,,,,,,,,,,,,,
"CHILL-LEM13-3A-2U, 77-78 cm",U4,TL1,251,,,,0.43551,2.6923,0.19772,2.49458,17.8394148437,,,,,,,,,,,,,
"CHILL-LEM13-3A-2U, 78-79 cm",U4,TL1,252,55.6849,1.5077,0.7008,0.44268,2.5566,0.17721,2.37939,17.5713386501,,,,,,,,,,,,,
"CHILL-LEM13-3A-2U, 79-80 cm",U4,TL1,253,,,,0.42606,2.4352,0.1935,2.2417,17.3666353653,0.13618,19.2048514221,-0.1162726607,-18.6694632561,,,,,,,,,
"CHILL-LEM13-3A-2U, 80-81 cm",U4,TL1,254,55.3661,1.5267,0.6891,0.44294,2.4724,0.23383,2.23857,17.3161160892,,,,,,,,,,,,,
"CHILL-LEM13-3A-2U, 81-82 cm",U4,TL1,255,,,,0.42873,2.532,0.20844,2.32356,17.8012571952,,,,,,,,,,,,,
"CHILL-LEM13-3A-2U, 82-83 cm",U4,TL1,256,56.7131,1.5005,0.7052,0.46624,2.5093,0.25921,2.25009,16.2506960646,,,,,,,,,,,,,
"CHILL-LEM13-3A-2U, 83-84 cm",U4,TL1,257,,,,0.43184,2.5831,0.26135,2.32175,18.9365899947,0.222,12.2013888889,,,,,,,,,,,
"CHILL-LEM13-3A-2U, 84-85 cm",U4,TL1,258,56.9047,1.5154,0.6961,0.42741,2.3827,0.21287,2.16983,17.8120675417,,,-0.0865343884,-18.4888002753,,,,,,,,,
"CHILL-LEM13-3A-2U, 85-86 cm",U4,TL1,259,,,,0.44971,2.2861,0.20804,2.07806,18.2858733423,0.198,12.2444612795,,,0.317,0.527,Present,Present,0.411,0.448,2.898,9.223,34.31
"CHILL-LEM13-3A-2U, 86-87 cm",U4,TL1,260,56.9187,1.5451,0.6779,0.41699,2.3504,0.18543,2.16497,18.1694761071,,,,,,,,,,,,,
"CHILL-LEM13-3A-2U, 87-88 cm",U4,TL1,261,,,,0.42541,2.2712,0.23298,2.03822,17.8506307512,0.11449,20.769703322,,,,,,,,,,,
"CHILL-LEM13-3A-2U, 88-89 cm",U4,TL1,262,57.8046,1.5411,0.6803,0.46132,2.6783,0.23649,2.44181,17.7771161614,,,,,,,,,,,,,
"CHILL-LEM13-3A-2U, 89-90 cm",U4,TL1,263,,,,0.44631,2.5119,0.20433,2.30757,18.0941041108,,,-0.1269635706,-18.7489028509,,,,,,,,,
"CHILL-LEM13-3A-2U, 90-91 cm",U4,TL1,264,58.791,1.5444,0.6783,0.44931,2.5796,0.21901,2.36059,17.2800850738,,,,,,,,,,,,,
"CHILL-LEM13-3A-2U, 91-92 cm",U4,TL1,265,,,,0.46145,3.2419,0.17259,3.06931,17.9224448815,0.20448,17.5120386672,,,,,,,,,,,
"CHILL-LEM13-3A-2U, 92-93 cm",U4,TL1,266,63.23,1.4903,0.7115,0.44588,2.7654,0.20242,2.56298,18.1955321919,,,,,,,,,,,,,
"CHILL-LEM13-3A-2U, 93-94 cm",U4,TL1,267,,,,0.43831,2.5228,0.19094,2.33186,18.4793102871,,,,,,,,,,,,,
"CHILL-LEM13-3A-2U, 94-95 cm",U4,TL1,268,65.6792,1.5478,0.6762,0.39019,1.9512,0.22115,1.73005,16.7460154088,,,-0.1788468847,-19.4614484107,,,,,,,,,
"CHILL-LEM13-3A-2U, 95-96 cm",U4,TL1,269,,,,0.37938,1.8337,0.25745,1.57625,16.9977103674,0.146,12.5956050228,,,0.234,0.967,0,Present,0.592,0.54,3.42,8.992,34.95
"CHILL-LEM13-3A-2U, 96-97 cm",U4,TL1,270,69.9567,1.6165,0.6341,0.39701,1.8619,0.22429,1.63761,16.9765337194,,,,,,,,,,,,,
"CHILL-LEM13-3A-2U, 97-98 cm",U4,TL1,271,,,,0.35935,1.6839,0.24706,1.43684,15.8091784881,,,,,,,,,,,,,
"CHILL-LEM13-3A-2U, 98-99 cm",U4,TL1,272,77.8759,1.6502,0.6134,0.36075,1.686,0.31432,1.37168,15.1605438777,,,,,,,,,,,,,
"CHILL-LEM13-3A-2U, 99-100 cm",U4,TL1,273,,,,0.32758,1.2568,0.26197,0.99483,10.6816360742,0.10002,11.6040291942,0.0157802862,-18.5382886874,,,,,,,,,
"CHILL-LEM13-3A-2U, 100-101 cm",U4,T8,274,83.1784,1.7647,0.5431,0.28476,0.70999,0.29454,0.41545,6.4488683896,,,,,,,,,,,,,
"CHILL-LEM13-3A-2U, 101-102 cm",U4,T8,275,,,,0.25218,0.70114,0.25111,0.45003,5.8007959512,0.041,12.8057317073,,,0.179,6.181,0,0,0.283,0.658,4.33,15.45,50.91
"CHILL-LEM13-3A-2U, 102-103 cm",U4,TL1,276,92.037,1.8244,0.5065,0.28444,1.0881,0.28776,0.80034,5.3701122231,,,0.6617999768,-18.2989881916,,,,,,,,,
"CHILL-LEM13-3A-2U, 103-104 cm",U4,L3,277,,,,0.27172,0.8488,0.25596,0.59284,5.3701122231,0.0859,8.0517656189,,,,,,,,,,,
"CHILL-LEM13-3A-2U, 104-104 cm",U4,L3,278,102.3438,1.8583,0.4857,0.17617,0.47424,0,0.47424,5.3701122231,,,,,,,,,,,,,
"CHILL-LEM13-3A-2U, 105-104 cm",U4,L3,279,,,,0.07617,0.17424,0,0.17424,5.3701122231,,,,,,,,,,,,,
"CHILL-LEM13-3A-2U, 106-107 cm",U4,L3,280,103.9765,1.9939,0.4025,0.07617,0.17424,0,0.17424,5.3701122231,,,,,,,,,,,,,
"CHILL-LEM13-3A-2U, 107-108 cm",U4,L3,281,,,,0.07617,0.17424,0,0.17424,5.3701122231,,,,,,,,,,,,,
"CHILL-LEM13-3A-2U, 108-109 cm",U4,L3,282,102.0228,2.088,0.3448,0.07617,0.17424,0,0.17424,5.3701122231,,,,,,,,,,,,,
"CHILL-LEM13-3A-2U, 109-110 cm",U4,L3,283,,,,0.03617,0.09424,0,0.09424,5.3701122231,,,,,,,,,,,,,
"CHILL-LEM13-3A-2U, 110-111 cm",U4,L3,284,107.377,1.9468,0.4314,0.01617,0.07424,0,0.07424,5.3701122231,,,,,,,,,,,,,
"CHILL-LEM13-3A-2U, 111-112 cm",U4,L3,285,,,,0.01617,0.07424,0,0.07424,5.3701122231,,,,,,,,,,,,,
"CHILL-LEM13-3A-2U, 112-113 cm",U4,L3,286,103.2127,1.9313,0.4409,0.01617,0.07424,0,0.07424,5.3701122231,,,,,,,,,,,,,
"CHILL-LEM13-3A-2U, 113-114 cm",U4,L3,287,,,,0.01617,0.07424,0,0.07424,5.3701122231,,,,,,,,,,,,,
"CHILL-LEM13-3A-2U, 114-115 cm",U4,L3,288,102.0905,1.8966,0.4622,0.01617,0.07424,0,0.07424,5.3701122231,,,,,,,,,,,,,
"CHILL-LEM13-3A-2U, 115-116 cm",U4,L3,289,,,,0.01617,0.07424,0,0.07424,5.3701122231,,,,,,,,,,,,,
"CHILL-LEM13-3A-2U, 116-117 cm",U4,L3,290,103.7424,1.8885,0.4672,0.03617,0.09424,0,0.09424,5.3701122231,,,,,,,,,,,,,
"CHILL-LEM13-3A-2U, 117-118 cm",U4,L3,291,,,,0.07617,0.17424,0,0.17424,5.3701122231,,,,,,,,,,,,,
"CHILL-LEM13-3A-2U, 118-119 cm",U4,L3,292,105.6225,1.9089,0.4546,0.07617,0.17424,0,0.17424,5.3701122231,,,,,,,,,,,,,
"CHILL-LEM13-3A-2U, 119-120 cm",U4,L3,293,,,,0.07617,0.17424,0,0.17424,5.3701122231,,,,,,,,,,,,,
"CHILL-LEM13-3A-2U, 120-121 cm",U4,L3,294,99.5459,2.0254,0.3832,0.07617,0.17424,0,0.17424,5.3701122231,,,,,,,,,,,,,
"CHILL-LEM13-3A-2U, 121-122 cm",U4,L3,295,,,,0.17617,0.47424,0.2889,0.18534,5.3701122231,,,,,,,,,,,,,
"CHILL-LEM13-3A-2U, 122-123 cm",U4,T9,296,97.894,1.9546,0.4266,0.19812,0.48178,0.22041,0.26137,5.5147691065,0.045,6.7762592593,,,0.2,2.412,0,0,0.425,0.925,6.141,6.349,60.44
"CHILL-LEM13-3A-2U, 123-124 cm",U4,T9,297,,,,0.1765,0.55375,0.17475,0.379,6.8098306033,,,,,,,,,,,,,
"CHILL-LEM13-3A-2U, 124-125 cm",U4,T9,298,97.9596,1.825,0.5062,0.27301,0.81881,0.2053,0.61351,8.3159367626,0.146345,4.8909198583,-0.5147551338,-18.5584221171,,,,,,,,,
"CHILL-LEM13-3A-2U, 125-126 cm",U4,T9,299,,,,0.31684,1.034,0.10235,0.93165,10.3317315181,,,,,,,,,,,,,
"CHILL-LEM13-3A-2U, 126-127 cm",U4,T9,300,93.5714,1.7701,0.5398,0.34249,1.0129,0.010635,1.002265,10.1806685079,0.092,12.7098822464,,,0.786,2.228,0,0.161,1.394,2.643,10.87,21.19,17.42
"CHILL-LEM13-3A-2U, 127-128 cm",U5,D6_a,301,,,,0.35556,1.36,0.16442,1.19558,11.0782900371,,,,,,,,,,,,,
"CHILL-LEM13-3A-2U, 128-129 cm",U5,D6_a,302,98.6089,1.5174,0.6948,0.30448,2.175,0.086607,2.088393,18.0181188247,0.17386,,,,,,,,,,,,
"CHILL-LEM13-3A-2U, 129-130 cm",U5,D6_a,303,,,,0.26374,3.1116,0.062047,3.049553,21.0211657713,,,2.3804075103,-23.5394620806,,,,,,,,,
"CHILL-LEM13-3A-2U, 130-131 cm",U5,D6_a,304,98.7857,1.3933,0.771,0.5847,2.7819,0.017163,2.764737,20.8070793728,,,,,,,,,,,,,
"CHILL-LEM13-3A-2U, 131-132 cm",U5,D6_a,305,,,,0.30552,2.4547,0.014115,2.440585,21.3738358997,,,,,,,,,,,,,
"CHILL-LEM13-3A-2U, 132-133 cm",U5,D6_a,306,99.4212,1.4476,0.7377,0.27648,2.1491,0,2.1491,20.0380913739,0.50045,5.0100576148,,,,,,,,,,,
"CHILL-LEM13-3A-2U, 133-134 cm",U5,D6_a,307,,,,0.28254,2.0186,0,2.0186,19.5727246126,0.263,8.9544993663,,,0,0.24,0.154,Present,0,Present,0.823,15.19,31.96
"CHILL-LEM13-3A-2U, 134-135 cm",U5,D6_a,308,116.9598,1.4498,0.7363,0.30204,2.4257,0.033359,2.392341,20.8914763557,,,2.0516427169,-25.2859557694,,,,,,,,,
"CHILL-LEM13-3A-2U, 135-136 cm",U5,D6_a,309,,,,0.65941,2.1904,0,2.1904,20.1208739962,,,,,,,,,,,,,
"CHILL-LEM13-3A-2U, 136-137 cm",U5,T10,310,136.5534,1.4958,0.7081,0.18007,0.90303,0.043184,0.859846,14.9041923389,0.24213,4.1430374867,,,,,,,,,,,
"CHILL-LEM13-3A-2U, 137-138 cm",U5,T10,311,,,,0.13418,0.70423,0.017069,0.687161,9.2332533418,0.062,12.9304489247,,,0,0,0,Present,Present,Present,0.601,14.23,11.35
"CHILL-LEM13-3A-2U, 138-139 cm",U5,T10,312,125.1683,1.7895,0.5279,0.12967,1.0001,0,1.0001,11.852907126,,,,,,,,,,,,,
"CHILL-LEM13-3A-2U, 139-140 cm",U5,D6_a,313,,,,0.58704,1.9956,0.074234,1.921366,17.5881588063,0.44039,5.0900194525,2.1240354328,-25.2915274721,,,,,,,,,
"CHILL-LEM13-3E-2U-2, 66-67cm",U5,D6_a,314,130.5059,1.5315,0.6862,0.34565,1.6311,0,1.6311,17.2785636986,0.36474,5.2172780611,,,,,,,,,,,
"CHILL-LEM13-3E-2U-2, 67-68cm",U5,D6_a,315,130.3769,1.4498,0.7363,0.57146,2.3518,0,2.3518,17.6041883663,,,,,,,,,,,,,
"CHILL-LEM13-3E-2U-2, 68-69cm",U5,D6_a,316,123.7411,1.4075,0.7623,0.42063,2.8022,0.292,2.5102,19.863703364,,,,,,,,,,,,,
"CHILL-LEM13-3E-2U-2, 69-70cm",U5,D6_a,317,114.4659,1.3868,0.775,0.49201,3.0809,0.19305,2.88785,20.2121827971,,,,,,,,,,,,,
"CHILL-LEM13-3E-2U-2, 70-71cm",U5,D6_a,318,104.9412,1.3711,0.7846,0.79153,2.9997,0,2.9997,19.5545381242,0.52911,6.6142201055,2.1767948691,-25.7095285363,,,,,,,,,
"CHILL-LEM13-3E-2U-2, 71-72cm",U5,D6_a,319,93.7476,1.4008,0.7664,0.6444,3.1978,0,3.1978,19.9302637027,,,,,,,,,,,,,
"CHILL-LEM13-3E-2U-2, 72-73cm",U5,D6_a,320,89.3691,1.3669,0.7872,0.39388,3.2878,0.034107,3.253693,19.8810793685,,,,,,,,,,,,,
"CHILL-LEM13-3E-2U-2, 73-74cm",U5,D6_a,321,85.0934,1.3613,0.7906,0.71739,3.1136,0,3.1136,20.5401513981,,,,,,,,,,,,,
"CHILL-LEM13-3E-2U-2, 74-75cm",U5,D6_a,322,81.1353,1.3708,0.7848,0.69587,2.7181,0.067789,2.650311,19.8266777876,0.48983,6.3124543209,,,,,,,,,,,
"CHILL-LEM13-3E-2U-2, 75-76cm",U5,D6_a,323,78.6805,1.3838,0.7768,0.59312,3.028,0,3.028,19.6859829045,,,1.9715990101,-24.7102436864,,,,,,,,,
"CHILL-LEM13-3E-2U-2, 76-77cm",U5,D6_a,324,77.3978,1.3838,0.7768,0.71235,2.6772,0,2.6772,18.6372381236,,,,,,,,,,,,,
"CHILL-LEM13-3E-2U-2, 77-78cm",U5,D6_a,325,79.5633,1.3526,0.796,0.66098,2.8471,0,2.8471,19.4162334144,,,,,,,,,,,,,
"CHILL-LEM13-3E-2U-2, 78-79cm",U5,D6_a,326,80.8673,1.3506,0.7972,0.72723,2.7803,0.58306,2.19724,19.32302714,0.37371,6.8594543006,,,,,,,,,,,
"CHILL-LEM13-3B-3U-1, 40-41cm",U5,D6_a,327,102.7734,1.3299,0.8099,0.78548,2.9767,0,2.9767,21.0640665956,0.48945,7.0953451153,,,,,,,,,,,
"CHILL-LEM13-3B-3U-1, 41-42cm",U5,D6_b,328,,,,0.82516,3.6716,0.095809,3.575791,20.4497139385,,,2.5848777487,-25.1590155576,,,,,,,,,
"CHILL-LEM13-3B-3U-1, 42-43cm",U5,D6_b,329,110.8277,1.3411,0.803,1.1123,3.7592,0,3.7592,19.6646094905,,,,,,,,,,,,,
"CHILL-LEM13-3B-3U-1, 43-44cm",U5,D6_b,330,,,,1.1104,4.0564,0,4.0564,19.7711751756,,,,,,,,,,,,,
"CHILL-LEM13-3B-3U-1, 44-45cm",U5,D6_b,331,122.6568,1.3326,0.8082,1.6621,3.5845,0,3.5845,20.3943302861,0.51193,8.1689228345,,,,,,,,,,,
"CHILL-LEM13-3B-3U-1, 45-46cm",U5,D6_b,332,,,,1.287,3.4523,0.44492,3.00738,19.1690671464,,,,,,,,,,,,,
"CHILL-LEM13-3B-3U-1, 46-47cm",U5,D6_b,333,136.495,1.3103,0.8219,1.1458,4.0768,0,4.0768,20.7893004375,,,1.1992161062,-23.0920859605,,,,,,,,,
"CHILL-LEM13-3B-3U-1, 47-48cm",U5,D6_a,334,,,,1.1904,3.0449,0,3.0449,20.2791992689,,,,,,,,,,,,,
"CHILL-LEM13-3B-3U-1, 48-49cm",U5,D6_a,335,146.0393,1.3299,0.8099,1.069,2.7909,0,2.7909,19.3987642811,0.46618,6.984533871,,,,,,,,,,,
"CHILL-LEM13-3B-3U-1, 49-50cm",U5,D6_a,336,,,,1.1434,3.1963,0,3.1963,20.3177000639,,,,,,,,,,,,,
"CHILL-LEM13-3B-3U-1, 50-51cm",U5,D6_a,337,160.3737,1.3422,0.8023,1.2726,3.1057,0.16168,2.94402,19.6709722957,,,,,,,,,,,,,
"CHILL-LEM13-3B-3U-1, 51-52cm",U5,D6_a,338,,,,1.1644,3.3902,0.18356,3.20664,20.0540316389,,,2.2540965376,-26.6407553926,,,,,,,,,
"CHILL-LEM13-3B-3U-1, 52-53cm",U5,D6_a,339,189.1178,1.3097,0.8223,1.6297,3.8018,0.17323,3.62857,21.548235402,0.52469,8.0682530002,,,,,,,,,,,
"CHILL-LEM13-3B-3U-1, 53-54cm",U5,D6_a,340,,,,1.6142,3.2383,0,3.2383,20.9426426064,,,,,,,,,,,,,
"CHILL-LEM13-3B-3U-1, 54-55cm",U5,D6_a,341,224.6848,1.2973,0.8299,1.2698,2.8897,0.026266,2.863434,21.1457596966,,,,,,,,,,,,,
"CHILL-LEM13-3B-3U-1, 55-56cm",U5,D6_a,342,,,,1.2451,3.3994,0.32996,3.06944,20.8448240032,,,,,,,,,,,,,
"CHILL-LEM13-3B-3U-1, 56-57cm",U5,D6_a,343,220.2274,1.5072,0.7011,0.86,2.699,0.0053556,2.6936444,19.9248754181,0.26451,11.8807800587,2.6944717933,-26.2790226244,,,,,,,,,
"CHILL-LEM13-3B-3U-1, 57-58cm",U5,T11,344,,,,0.35135,0.67266,0.18747,0.48519,12.2432638425,,,,,,,,,,,,,
"CHILL-LEM13-3B-3U-1, 58-59cm",U5,T11,345,232.3674,1.4775,0.7193,0.37724,0.25438,0,0.25438,10.0083802156,,,,,,,,,,,,,
"CHILL-LEM13-3B-3U-1, 59-60cm",U5,D6_b,346,,,,0.77279,3.1556,0,3.1556,20.5540244795,,,,,,,,,,,,,
"CHILL-LEM13-3B-3U-1, 60-61cm",U5,D6_b,347,246.4128,1.3024,0.8267,1.657,4.5037,0.065041,4.438659,20.5154790619,0.30411,17.0281657953,,,,,,,,,,,
"CHILL-LEM13-3B-3U-1, 61-62cm",U5,D6_b,348,,,,2.1203,3.7895,0,3.7895,21.2141655999,,,2.2197473188,-27.0750501012,,,,,,,,,
"CHILL-LEM13-3B-3U-1, 62-63cm",U5,D6_a,349,226.1878,1.286,0.8368,2.2823,3.4756,0.072948,3.402652,20.5753872448,,,,,,,,,,,,,
"CHILL-LEM13-3B-3U-1, 63-64cm",U5,D6_b,350,,,,1.8338,3.2749,0,3.2749,19.193126975,0.47122,8.1081377417,,,,,,,,,,,
"CHILL-LEM13-3B-3U-1, 64-65cm",U5,D6_b,351,203.8197,1.3192,0.8164,1.4629,4.2771,0,4.2771,21.399904948,,,,,,,,,,,,,
"CHILL-LEM13-3B-3U-1, 65-66cm",U5,D6_c,352,,,,1.9075,5.3582,0.017298,5.340902,20.5801450332,,,,,,,,,,,,,
"CHILL-LEM13-3B-3U-1, 66-67cm",U5,D6_c,353,187.9825,1.3305,0.8095,1.2102,5.4869,0.50933,4.97757,19.4766305384,0.56539,10.2710783707,2.2718279544,-17.9332025282,,,,,,,,,
"CHILL-LEM13-3A-3U, 21-22 cm",U5,D6_a,354,,,,2.1436,4.2415,0.2798,3.9617,19.8245080697,,,,,0,0,0,Present,0,0.188,1.597,3.766,43.25
"CHILL-LEM13-3A-3U, 22-23 cm",U5,D6_a,355,157.385,1.5206,0.6929,1.1668,3.074,0.063477,3.010523,20.7618412234,,,,,,,,,,,,,
"CHILL-LEM13-3A-3U, 23-24 cm",U5,D6_a,356,,,,1.711,2.7261,0.10862,2.61748,20.7235532936,0.34,8.9815490196,,,0,Present,0,0,0,Present,1.23,5.359,42.59
"CHILL-LEM13-3A-3U, 24-25 cm",U5,D6_a,357,155.8569,1.3926,0.7714,1.6808,2.847,0.11307,2.73393,20.0165081232,,,,,,,,,,,,,
"CHILL-LEM13-3A-3U, 25-26 cm",U5,D6_a,358,,,,1.4941,2.8675,0.13406,2.73344,20.4105178479,,,1.8481041832,-24.149831777,,,,,,,,,
"CHILL-LEM13-3A-3U, 26-27 cm",U5,D6_a,359,127.2332,1.5308,0.6866,0.59605,1.9965,0.033012,1.963488,13.4587680719,,,,,,,,,,,,,
"CHILL-LEM13-3A-3U, 27-28 cm",U5,T12,360,,,,0.39604,1.0592,0.03427,1.02493,16.3357651113,0.082,14.5823373984,,,0,0,0,Present,0,0,0.516,3.955,47.11
"CHILL-LEM13-3A-3U, 28-29 cm",U5,D6_a,361,113.8983,1.5395,0.6813,1.8029,2.0776,0.098072,1.979528,18.910290715,,,,,,,,,,,,,
"CHILL-LEM13-3A-3U, 29-30 cm",U5,D6_a,362,,,,0.86435,2.2744,0.36642,1.90798,18.8237825638,,,,,,,,,,,,,
"CHILL-LEM13-3A-3U, 30-31 cm",U5,T13,363,107.5209,1.4396,0.7426,1.1123,1.2818,0.23009,1.05171,14.9201035596,,,2.1635532334,-17.4306901228,,,,,,,,,
"CHILL-LEM13-3A-3U, 31-32 cm",U5,D6_a,364,,,,1.7159,2.3174,0.27033,2.04707,19.5987506796,,,,,,,,,,,,,
"CHILL-LEM13-3A-3U, 32-33 cm",U5,D6_c,365,86.4269,1.5133,0.6973,0.61781,2.5024,0.092117,2.410283,12.7711462856,,,,,,,,,,,,,
"CHILL-LEM13-3A-3U, 33-34 cm",U5,D6_a,366,,,,2.0772,3.2471,0.10512,3.14198,15.358356625,0.226,16.219660767,2.1624659423,-27.6423719257,0,0.683,0,0,0,0.049,1.682,1.812,47.64
"CHILL-LEM13-3A-3U, 34-35 cm",U5,L4,367,61.5826,1.7621,0.5447,0.64261,1.1539,0.13485,1.01905,12.4744035966,,,,,,,,,,,,,
"CHILL-LEM13-3A-3U, 35-36 cm",U5,L4,368,,,,0.15751,0.70933,0,0.70933,,,,,,,,,,,,,,
"CHILL-LEM13-3A-3U, 36-37 cm",U5,L4,369,56.9279,1.6754,0.5979,0.05751,0.10933,0,0.10933,,,,,,,,,,,,,,
"CHILL-LEM13-3A-3U, 37-38 cm",U5,L4,370,,,,0.05751,0.10933,0,0.10933,,,,,,,,,,,,,,
"CHILL-LEM13-3A-3U, 38-39 cm",U5,L4,371,52.4758,1.8936,0.464,0.05751,0.10933,0,0.10933,,,,,,,,,,,,,,
"CHILL-LEM13-3A-3U, 39-40 cm",U5,L4,372,,,,0.05751,0.10933,0,0.10933,,,,,,,,,,,,,,
"CHILL-LEM13-3A-3U, 40-41 cm",U5,L4,373,75.7157,1.5915,0.6494,0.15751,0.70933,0,0.70933,,,,,,,,,,,,,,
"CHILL-LEM13-3A-3U, 41-42 cm",U5,D6_c,374,,,,1.1038,4.1688,0.17106,3.99774,17.6418008076,,,0.9606322316,-25.3930188968,,,,,,,,,
"CHILL-LEM13-3A-3U, 42-43 cm",U5,D6_a,375,101.8681,1.4857,0.7143,0.46722,3.5094,0.034107,3.475293,18.7693692712,0.225,18.0200377778,,,0,1.533,0.079,Present,0,0.413,3.631,6.741,39.95
"CHILL-LEM13-3A-3U, 43-44 cm",U5,D6_a,376,,,,0.95869,2.9179,0.07853,2.83937,21.5561851863,,,,,,,,,,,,,
"CHILL-LEM13-3A-3U, 44-45 cm",U5,D6_a,377,126.2876,1.4382,0.7435,1.5182,2.7934,0.091084,2.702316,21.3077684773,,,,,,,,,,,,,
"CHILL-LEM13-3A-3U, 45-46 cm",U5,D6_a,378,,,,2.0775,2.8252,0.12204,2.70316,21.2397524139,,,2.8070379819,-24.0294817087,,,,,,,,,
"CHILL-LEM13-3A-3U, 46-47 cm",U5,D6_b,379,143.6578,1.4512,0.7355,1.5338,4.6842,0.67417,4.01003,18.9354709052,,,,,,,,,,,,,
"CHILL-LEM13-3A-3U, 47-48 cm",U5,D6_b,380,,,,1.0906,2.7291,0.10635,2.62275,21.2747833993,,,,,,,,,,,,,
"CHILL-LEM13-3A-3U, 48-49 cm",U5,D6_b,381,165.4446,1.412,0.7595,1.1134,3.3224,0.080379,3.242021,20.3716582952,0.402,9.4088503317,,,Present,0.109,0.314,Present,Present,0.399,1.655,4.446,57.93
"CHILL-LEM13-3A-3U, 49-50 cm",U5,D6_b,382,,,,1.3893,4.4074,0.025971,4.381429,20.9957561084,,,,,,,,,,,,,
"CHILL-LEM13-3A-3U, 50-51 cm",U5,D6_a,383,186.0886,1.378,0.7803,2.7262,3.9224,0.066191,3.856209,21.3416807602,0.464,9.6959278017,2.4283013327,-27.1763031366,0,Present,o,Present,0,0.055,1.702,3.986,48.43
"CHILL-LEM13-3A-3U, 51-52 cm",U5,D6_a,384,,,,1.2372,3.9332,0.096407,3.836793,19.7496007531,,,,,,,,,,,,,
"CHILL-LEM13-3A-3U, 52-53 cm",U5,D6_a,385,197.4744,1.3824,0.7776,4.1765,3.4087,0,3.4087,20.6656110123,0.41,9.6995528455,,,0,0,0,Present,0,0.184,1.308,2.515,46.74
"CHILL-LEM13-3A-3U, 53-54 cm",U5,D6_b,386,,,,1.4089,3.7485,0.07337,3.67513,20.7265528511,,,,,,,,,,,,,
"CHILL-LEM13-3A-3U, 54-55 cm",U5,D6_b,387,201.7292,1.3873,0.7747,1.3104,3.5032,0.16443,3.33877,20.1439413685,,,,,,,,,,,,,
"CHILL-LEM13-3A-3U, 55-56 cm",U5,D6_a,388,,,,1.3493,2.9026,0.20944,2.69316,20.2137146856,,,2.1381394005,-26.6119444962,,,,,,,,,
"CHILL-LEM13-3A-3U, 56-57 cm",U5,D6_a,389,189.3121,1.442,0.7411,1.2855,3.1336,0.19899,2.93461,20.000077374,,,,,,,,,,,,,
"CHILL-LEM13-3A-3U, 57-58 cm",U5,D6_c,390,,,,1.4558,3.9073,0.083638,3.823662,17.5994356,0.29,15.3825482759,,,Present,0.176,Present,0,0,0.165,2.389,4.483,44.34
"CHILL-LEM13-3A-3U, 58-59 cm",U5,D6_c,391,178.7141,1.4476,0.7377,1.7594,4.0983,0.072519,4.025781,16.6451646676,,,,,,,,,,,,,
"CHILL-LEM13-3A-3U, 59-60 cm",U5,D6_c,392,,,,1.4234,4.1573,0.1042,4.0531,16.4418835474,,,,,,,,,,,,,
"CHILL-LEM13-3A-3U, 60-61 cm",U5,D6_c,393,172.0159,1.4575,0.7316,1.5762,4.8246,0.1857,4.6389,15.3802453264,,,0.6901331968,-23.5945641935,,,,,,,,,
"CHILL-LEM13-3A-3U, 61-62 cm",U5,D6_c,394,,,,1.9699,4.9991,0.1293,4.8698,18.3783190412,,,,,,,,,,,,,
"CHILL-LEM13-3A-3U, 62-63 cm",U5,D6_c,395,185.9902,1.3972,0.7686,1.8355,5.1911,0.18158,5.00952,19.8687730556,,,,,,,,,,,,,
"CHILL-LEM13-3A-3U, 63-64 cm",U5,D6_a,396,,,,1.3799,3.9816,0.065971,3.915629,15.9763127673,0.317,14.4108322818,,,Present,0.908,0,0,0.153,0.658,3.982,9.237,44.73
"CHILL-LEM13-3A-3U, 64-65 cm",U5,D6_a,397,200.7608,1.4139,0.7583,2.2647,4.5372,0,4.5372,20.7156606511,,,,,,,,,,,,,
"CHILL-LEM13-3A-3U, 65-66 cm",U5,T14,398,,,,1.3813,1.8635,0,1.8635,13.8080947859,,,2.1513007573,-27.1523508381,,,,,,,,,
"CHILL-LEM13-3A-3U, 66-67 cm",U5,D6_a,399,221.0823,1.408,0.762,1.7484,4.2367,0.025676,4.211024,19.0604501469,,,,,,,,,,,,,
"CHILL-LEM13-3A-3U, 67-68 cm",U5,D6_a,400,,,,1.5269,4.7562,0.056051,4.700149,21.4631587462,,,,,,,,,,,,,
"CHILL-LEM13-3A-3U, 68-69 cm",U5,D6_b,401,236.6553,1.3901,0.773,1.9892,4.0825,0.010391,4.072109,20.7906475397,,,,,0,0,Present,Present,Present,0.224,1.369,3.231,39.7
"CHILL-LEM13-3A-3U, 69-70 cm",U5,D6_b,402,,,,1.8744,3.2083,0.036014,3.172286,20.6173577232,0.409,9.0489005705,,,,,,,,,,,
"CHILL-LEM13-3A-3U, 70-71 cm",U5,T15,403,192.0976,1.7481,0.5533,2.0246,2.1954,0.092353,2.103047,16.1151265558,,,2.0733553872,-16.9725627261,,,,,,,,,
"CHILL-LEM13-3A-3U, 71-72 cm",U5,D6_b,404,,,,0.98198,4.5191,0.23324,4.28586,20.4782661846,,,,,,,,,,,,,
"CHILL-LEM13-3A-3U, 72-73 cm",U5,D6_b,405,234.4286,1.4154,0.7574,1.1377,4.711,0.097268,4.613732,,,,,,,,,,,,,,
"CHILL-LEM13-3A-3U, 73-74 cm",U5,T16,406,,,,0.5593,2.0784,0.12342,1.95498,16.3401290351,0.16,14.2550625,,,0,0.483,0,0,Present,0.186,0.457,5.536,54.95
"CHILL-LEM13-3A-3U, 74-75 cm",U5,D6_b,407,218.7693,1.4514,0.7354,1.0449,4.0732,0,4.0732,19.6777214535,,,,,,,,,,,,,
"CHILL-LEM13-3A-3U, 75-76 cm",U5,D6_c,408,,,,1.8209,4.0611,0.10262,3.95848,18.3123101104,,,0.7751664224,-23.2894611653,,,,,,,,,
"CHILL-LEM13-3A-3U, 76-77 cm",U5,D6_c,409,198.468,1.4962,0.7079,2.4882,5.2535,0.97574,4.27776,18.0430114323,0.297,16.8037710438,,,0,0.304,Present,0,0,Present,1.427,3.657,29.11
"CHILL-LEM13-3A-3U, 77-78 cm",U5,D6_b,410,,,,0.9265,4.3477,0.14708,4.20062,21.2965272891,0.372,13.1739874552,,,0,0.619,Present,Present,Present,Present,2.544,3.294,44.42
"CHILL-LEM13-3A-3U, 78-79 cm",U5,D6_c,411,193.9881,1.4159,0.7571,2.5287,5.0705,0.088984,4.981516,17.9381641897,,,,,,,,,,,,,
"CHILL-LEM13-3A-3U, 79-80 cm",U5,D6_c,412,,,,6.8222,5.5943,0.93773,4.65657,19.1728648076,0.34,15.9784264706,,,0,0,Present,0,0,0.256,1.229,3.467,42.66
"CHILL-LEM13-3A-3U, 80-81 cm",U5,D6_b,413,173.4856,1.422,0.7534,0.5002,4.2837,1.0693,3.2144,17.3745926452,0.249,15.0607764391,2.4329174322,-26.3451243708,Present,0,Present,0,0,0,0.313,2.066,33.25
"CHILL-LEM13-3A-3U, 81-82 cm",U5,T17,414,,,,2.6137,2.801,0.13371,2.66729,17.4302756212,,,,,,,,,,,,,
"CHILL-LEM13-3A-3U, 82-83 cm",U5,D6_b,415,147.0368,1.4448,0.7394,1.1107,3.1734,0.090694,3.082706,19.0956109698,,,,,,,,,,,,,
"CHILL-LEM13-3A-3U, 83-84 cm",U5,D6_b,416,,,,1.8243,3.3821,0.45334,2.92876,18.3167062876,,,1.5519376194,-21.8241879392,,,,,,,,,
"CHILL-LEM13-3A-3U, 84-84.5 cm",U5,L5,417,108.2732,1.6457,0.6161,0.6619,1.745,0.07127,1.67373,17.3833165281,0.121,16.137892562,,,0,Present,Present,0,Present,0.307,1.271,3.629,57.83
"CHILL-LEM13-3A-3U, 85-86 cm",U5,L5,418,,,,0.64261,1.1539,0,1.1539,,,,,,,,,,,,,,
"CHILL-LEM13-3A-3U, 86-87 cm",U5,L5,419,84.812,1.7845,0.531,0.15751,0.70933,0,0.70933,,,,,,,,,,,,,,
"CHILL-LEM13-3A-3U, 87-88 cm",U5,L5,420,,,,0.15751,0.70933,0,0.70933,,,,,,,,,,,,,,
"CHILL-LEM13-3A-3U, 88-89 cm",U5,L5,421,79.4423,1.7469,0.554,0.15751,0.70933,0,0.70933,,,,0.5827782415,-22.5962954207,,,,,,,,,
"CHILL-LEM13-3A-3U, 89-90 cm",U5,L5,422,,,,0.15751,0.70933,0,0.70933,,,,,,,,,,,,,,
"CHILL-LEM13-3A-3U, 90-91 cm",U5,L5,423,80.6059,1.7571,0.5478,0.15751,0.70933,0,0.70933,,,,,,,,,,,,,,
"CHILL-LEM13-3A-3U, 91-92 cm",U5,L5,424,,,,0.15751,0.70933,0,0.70933,,,,,,,,,,,,,,
"CHILL-LEM13-3A-3U, 92-93 cm",U5,L5,425,95.6794,1.6712,0.6005,0.05751,0.10933,0,0.10933,,,,,,,,,,,,,,
"CHILL-LEM13-3A-3U, 93-94 cm",U5,L5,426,,,,0.15751,0.70933,0,0.70933,,,,,,0,0.264,0,0,0,0.344,2.544,4.128,39.41
"CHILL-LEM13-3E-3U-2, 28-29cm",U5,D6_b,427,132.4168,1.4224,0.7531,1.6254,3.3474,0,3.3474,17.8551462484,0.47122,8.2876363482,,,,,,,,,,,
"CHILL-LEM13-3E-3U-2, 29-30cm",U5,D6_b,428,144.8348,1.4029,0.7651,0.90531,2.8664,0.22123,2.64517,17.7869968352,,,2.2805831014,-26.8102659367,,,,,,,,,
"CHILL-LEM13-3E-3U-2, 30-31cm",U5,D6_b,429,144.9144,1.4809,0.7172,1.0132,2.4075,0.13272,2.27478,16.3928176218,,,,,0,Present,0,0,0,0.202,0.9,3.92,43.85
"CHILL-LEM13-3E-3U-2, 31-32cm",U5,D6_b,430,146.5659,1.511,0.6988,0.58808,1.5116,0,1.5116,14.0509496155,,,,,,,,,,,,,
"CHILL-LEM13-3E-3U-2, 32-33cm",U5,D6_b,431,145.6706,1.5163,0.6955,1.0947,1.948,0.18549,1.76251,12.6183234712,0.17664,11.6409741093,,,,,,,,,,,
"CHILL-LEM13-3E-3U-2, 33-34cm",U5,D6_b,432,141.4549,1.5171,0.695,1.1317,1.8748,0,1.8748,11.9504418073,,,,,,,,,,,,,
"CHILL-LEM13-3E-3U-2, 34-35cm",U5,D6_b,433,131.5596,1.5445,0.6782,0.59543,1.3747,0,1.3747,12.4874086417,,,,,0,0.382,Present,0,,0.23,2.18,5.084,50.38
"CHILL-LEM13-3E-3U-2, 35-36cm",U5,T18,434,120.8689,1.5487,0.6756,0.94109,1.28,0.28566,0.99434,13.8267771019,,,,,,,,,,,,,
"CHILL-LEM13-3E-3U-2, 36-37cm",U5,D6_a,435,114.0111,1.4866,0.7137,0.64868,0.788,0,0.788,13.4818270821,0.13871,6.6277365246,,,,,,,,,,,
"CHILL-LEM13-3E-3U-2, 37-38cm",U5,D6_a,436,101.8784,1.49,0.7116,0.95429,1.2044,0.10711,1.09729,17.2642724874,,,,,,,,,,,,,
"CHILL-LEM13-3E-3U-2, 38-39cm",U5,D6_a,437,89.0649,1.525,0.6902,1.009,1.2747,0.26293,1.01177,16.9493744822,,,,,,,,,,,,,
"CHILL-LEM13-3E-3U-2, 39-40cm",U5,D6_a,438,82.5848,1.4788,0.7185,1.061,1.5528,0,1.5528,,0.25112,7.2140809175,0.0908093039,-22.7594226306,,,,,,,,,
"CHILL-LEM13-3A-3U, 105-106 cm",U6,LT2,439,76.4939,1.4697,0.7241,1.159,2.6386,0,2.6386,16.6664151533,,,,,,,,,,,,,
"CHILL-LEM13-3A-3U, 106-107 cm",U6,LT2,440,70.7674,1.4757,0.7204,1.166,3.322,0.016732,3.305268,16.4639740355,,,,,,,,,,,,,
"CHILL-LEM13-3A-3U, 107-108 cm",U6,LT2,441,66.6365,1.4815,0.7169,1.0709,3.0729,0,3.0729,16.120818173,,,,,,,,,,,,,
"CHILL-LEM13-3A-3U, 108-109 cm",U6,LT2,442,63.8715,1.4831,0.7159,1.1224,3.1715,0,3.1715,16.3580388818,,,,,,,,,,,,,
"CHILL-LEM13-3A-3U, 109-110 cm",U6,LT2,443,61.5559,1.4926,0.71,1.1317,2.9726,0.027182,2.945418,16.7579072934,0.179,19.1973240223,0.5635716024,-22.9186367355,0,0.242,Present,0,0.173,0.27,1.199,7.567,28.47
"CHILL-LEM13-3A-3U, 110-111 cm",U6,LT2,444,60.6444,1.487,0.7135,1.1333,2.8445,0,2.8445,14.9800775342,,,,,,,,,,,,,
"CHILL-LEM13-3A-3U, 111-112 cm",U6,LT2,445,60.3622,1.4655,0.7267,1.1738,2.9063,0.0060859,2.9002141,15.7425679625,,,,,,,,,,,,,
"CHILL-LEM13-3A-3U, 112-113 cm",U6,LT2,446,58.6748,1.4873,0.7133,1.1352,2.9293,0,2.9293,14.9213599829,,,,,,,,,,,,,
"CHILL-LEM13-3A-3U, 113-114 cm",U6,LT2,447,58.5787,1.4893,0.7121,1.113,2.8689,0.010538,2.858362,15.3183170833,,,0.4144511355,-22.7764934058,,,,,,,,,
"CHILL-LEM13-3A-3U, 114-115 cm",U6,LT2,448,58.2971,1.4868,0.7136,1.1516,2.8855,0,2.8855,15.6347144872,0.181,18.5989871087,,,0,0.172,0.081,0.153,0.226,0.428,1.616,8.067,41.73
"CHILL-LEM13-3A-3U, 115-116 cm",U6,LT2,449,58.1742,1.4905,0.7113,1.1401,2.8532,0.0089605,2.8442395,15.4339061724,,,,,,,,,,,,,
"CHILL-LEM13-3A-3U, 116-117 cm",U6,LT2,450,57.5756,1.4967,0.7076,1.1246,2.9033,0.070585,2.832715,15.4773775433,,,,,,,,,,,,,
"CHILL-LEM13-3A-3U, 117-118 cm",U6,LT2,451,57.4348,1.4906,0.7113,1.1498,2.9319,0,2.9319,15.1945769491,,,,,,,,,,,,,
"CHILL-LEM13-3A-3U, 118-119 cm",U6,LT2,452,57.712,1.4838,0.7155,1.1447,2.9454,0.0035844,2.9418156,16.0849963922,,,,,,,,,,,,,
"CHILL-LEM13-3A-3U, 119-120 cm",U6,LT2,453,58.2016,1.4615,0.7292,1.1321,2.8796,0,2.8796,15.3664896489,0.176,19.0882575758,0.1174730748,-22.6532374535,Present,0.299,Present,0,Present,0.362,2.041,7.487,36.5
"CHILL-LEM13-3A-3U, 120-121 cm",U6,LT2,454,57.7615,1.4727,0.7223,1.1286,2.9048,0.0063003,2.8984997,15.8121907641,,,,,,,,,,,,,
"CHILL-LEM13-3A-3U, 121-122 cm",U6,LT2,455,57.8084,1.4715,0.723,1.1014,2.8817,0,2.8817,15.8208061615,,,,,,,,,,,,,
"CHILL-LEM13-3A-3U, 122-123 cm",U6,LT2,456,57.5458,1.4881,0.7128,1.1032,2.8368,0.015687,2.821113,15.7347926266,,,,,,,,,,,,,
"CHILL-LEM13-3A-3U, 123-124 cm",U6,LT2,457,57.1889,1.5074,0.701,1.0901,2.9003,0.042992,2.857308,15.765150742,,,,,,,,,,,,,
"CHILL-LEM13-3A-3U, 124-125 cm",U6,LT2,458,57.0564,1.5109,0.6988,1.0963,2.8788,0.052318,2.826482,15.0902449236,0.178,18.5256310861,0.2042298286,-22.7146175866,0,0.119,Present,0,0.17,0.258,1.074,10.23,26.3
"CHILL-LEM13-3A-3U, 125-126 cm",U6,LT2,459,57.2878,1.5149,0.6964,1.1218,2.9089,0.057804,2.851096,15.2617017616,,,,,,,,,,,,,
"CHILL-LEM13-3A-3U, 126-127 cm",U6,LT2,460,57.8526,1.5099,0.6994,1.1574,2.9596,0.050796,2.908804,14.9185228629,,,,,,,,,,,,,
"CHILL-LEM13-3A-3U, 127-128 cm",U6,LT2,461,57.8989,1.5087,0.7002,1.225,2.9761,0.11328,2.86282,13.8693335249,,,,,,,,,,,,,
"CHILL-LEM13-3A-3U, 128-129 cm",U6,LT2,462,58.3732,1.4966,0.7076,1.202,3.0758,0.15544,2.92036,15.4380378039,,,,,,,,,,,,,
"CHILL-LEM13-3A-3U, 129-130 cm",U6,LT2,463,58.0238,1.5057,0.7021,1.225,2.9619,0.075919,2.885981,15.1952059941,0.188,17.9094565603,0.36703112,-22.3632365179,0,Present,Present,0,Present,0.132,1.182,14.26,27.4
"CHILL-LEM13-3A-3U, 130-131 cm",U6,LT2,464,58.1982,1.5012,0.7048,1.2451,3.0487,0.085208,2.963492,15.2231877411,,,,,,,,,,,,,
"CHILL-LEM13-3A-3U, 131-132 cm",U6,LT2,465,57.5814,1.5074,0.701,1.2008,2.9968,0.076071,2.920729,15.0584272811,,,,,,,,,,,,,
"CHILL-LEM13-3A-3U, 132-133 cm",U6,LT2,466,57.2284,1.5067,0.7014,1.2305,3.3097,0.051166,3.258534,15.1333024703,,,,,,,,,,,,,
"CHILL-LEM13-3A-3U, 133-134 cm",U6,LT2,467,57.807,1.5015,0.7046,1.2283,3.0486,0.074232,2.974368,14.7363316711,,,,,,,,,,,,,
"CHILL-LEM13-3A-3U, 134-135 cm",U6,LT2,468,57.7064,1.5041,0.703,1.25,2.9954,0.067152,2.928248,14.2399504332,0.182,18.7708205128,0.2255927245,-22.5919826327,0,Present,Present,Present,Present,0.41,2.103,8.399,32.57
"CHILL-LEM13-3A-3U, 135-136 cm",U6,LT2,469,58.2341,1.5003,0.7053,1.2064,3.0164,0.17185,2.84455,15.2700209198,,,,,,,,,,,,,
"CHILL-LEM13-3A-3U, 136-137 cm",U6,LT2,470,58.4692,1.4943,0.709,1.2427,3.0435,0.087492,2.956008,15.7056172369,,,,,,,,,,,,,
"CHILL-LEM13-3A-3U, 137-138 cm",U6,LT2,471,58.1795,1.5017,0.7045,1.2069,2.947,0.0016139,2.9453861,14.9217646036,,,,,,,,,,,,,
"CHILL-LEM13-3A-3U, 138-139 cm",U6,LT2,472,58.0705,1.5044,0.7028,1.2084,2.9327,0.052581,2.880119,15.5041381052,,,,,,,,,,,,,
"CHILL-LEM13-3A-3U, 139-140 cm",U6,LT2,473,59.5131,1.4776,0.7193,1.1884,2.9401,0.019373,2.920727,15.2890209847,0.18,18.930637963,0.1755650927,-22.6491364663,0,0.084,Present,0.097,0.235,0.326,2.662,8.6,34.65
"CHILL-LEM13-3A-3U, 140-141 cm",U6,LT2,474,58.8655,1.5035,0.7034,1.2191,2.9613,0.0839,2.8774,14.983909646,,,,,,,,,,,,,
"CHILL-LEM13-3A-3U, 141-142 cm",U6,LT2,475,59.1991,1.4949,0.7086,1.2297,3.0461,0.057409,2.988691,15.5298190698,,,,,,,,,,,,,
"CHILL-LEM13-3A-3U, 142-143 cm",U6,LT2,476,60.9451,1.4707,0.7235,1.3645,3.0675,0.080471,2.987029,16.3168380981,,,,,,,,,,,,,
"CHILL-LEM13-3A-3U, 143-144 cm",U6,LT2,477,61.037,1.4966,0.7076,1.3335,3.2333,0.087695,3.145605,16.1325881607,,,,,,,,,,,,,
"CHILL-LEM13-3A-3U, 144-145 cm",U6,LT2,478,62.7119,1.4929,0.7098,1.3438,3.2455,0.033597,3.211903,17.0466296168,0.219,17.1105943683,0.0767194008,-22.7582472302,0,0.492,Present,Present,Present,0.272,1.913,8.708,42.41
"CHILL-LEM13-3A-3U, 145-146 cm",U6,LT2,479,63.3411,1.505,0.7024,1.3037,3.0681,0,3.0681,16.0256465051,,,,,,,,,,,,,
"CHILL-LEM13-3A-3U, 146-147 cm",U6,LT2,480,65.79,1.4924,0.7102,1.2806,3.1159,0.02853,3.08737,16.341437112,,,,,,,,,,,,,
"CHILL-LEM13-3A-3U, 147-148 cm",U6,LT2,481,67.615,1.4943,0.709,1.2897,3.0926,0.022299,3.070301,16.482474878,,,,,,,,,,,,,
"CHILL-LEM13-3A-3U, 148-149 cm",U6,LT2,482,70.6691,1.4782,0.7189,1.2804,3.0344,0.0045898,3.0298102,16.3854415362,,,,,,,,,,,,,
"CHILL-LEM13-3A-3U, 149-150 cm",U6,LT2,483,71.5512,1.5158,0.6958,1.2177,2.9212,0.03033,2.89087,15.761060521,0.177,19.0546986817,0.7149923774,-22.5946104531,0,0,Present,0.118,0,0.248,2.473,8.854,43.21
"CHILL-LEM13-3A-3U, 150-151 cm",U6,LT2,484,73.5813,1.5202,0.6932,1.2154,2.9321,0,2.9321,15.506446399,,,,,,,,,,,,,
"CHILL-LEM13-3A-3U, 151-152 cm",U6,LT2,485,75.7417,1.5289,0.6878,1.2059,2.9954,0,2.9954,13.3232486087,,,,,,,,,,,,,
"CHILL-LEM13-3A-3U, 152-153 cm",U6,LT2,486,78.0989,1.5185,0.6942,1.1925,2.9525,0.053991,2.898509,13.3971480093,0.199,16.9929338358,,,0,Present,o,Present,0,0.194,0.937,10.97,45.87
"CHILL-LEM13-3E-3U-2, 87-88cm",U6,LT2,487,80.1762,1.528,0.6884,1.1938,2.2883,0.062777,2.225523,13.1537794704,0.427,6.0806639344,,,,,,,,,,,
"CHILL-LEM13-3E-3U-2, 88-89cm",U6,LT2,488,81.1624,1.5291,0.6877,1.1779,2.2332,0,2.2332,13.519019103,,,,,,,,,,,,,
"CHILL-LEM13-3E-3U-2, 89-90cm",U6,LT2,489,81.5988,1.5406,0.6806,1.1237,2.1987,0.045572,2.153128,12.9207797165,,,,,,,,,,,,,
"CHILL-LEM13-3E-3U-2, 90-91cm",U6,LT2,490,83.6392,1.5145,0.6967,1.0921,2.2426,0,2.2426,13.1660977901,,,,,,,,,,,,,
"CHILL-LEM13-3E-3U-2, 91-92cm",U6,LT2,491,82.0147,1.5429,0.6792,1.0704,2.0492,0.18649,1.86271,12.7894621405,0.23024,9.4386799282,,,,,,,,,,,
"CHILL-LEM13-3E-3U-2, 92-93cm",U6,LT2,492,84.019,1.4916,0.7107,1.0692,2.1825,0,2.1825,12.3659330311,,,,,,,,,,,,,
"CHILL-LEM13-3E-3U-2, 93-94cm",U6,LT2,493,82.7167,1.4939,0.7093,1.0495,2.1478,0,2.1478,13.2331545222,,,0.1516557134,-22.0171773007,,,,,,,,,
"CHILL-LEM13-3E-3U-2, 94-95cm",U6,LT2,494,77.0688,1.5524,0.6734,1.1152,2.331,0.54634,1.78466,12.9453597113,,,,,,,,,,,,,
"CHILL-LEM13-3E-3U-2, 95-96cm",U6,LT2,495,74.3641,1.5326,0.6855,1.2561,2.4656,0,2.4656,12.8378325162,0.25022,11.4960168385,,,,,,,,,,,
"CHILL-LEM13-3E-3U-2, 96-97cm",U6,LT2,496,68.5484,1.5448,0.6781,0.78429,1.5218,0,1.5218,11.1710776105,,,,,,,,,,,,,
"CHILL-LEM13-3E-3U-2, 97-98cm",U6,LT2,497,,,,1.0324,2.0377,0,2.0377,11.6292550656,,,,,,,,,,,,,
"CHILL-LEM13-3E-3U-2, 98-99cm",U6,LT2,498,62.2978,1.5413,0.6802,1.1379,2.4567,0.12563,2.33107,12.5301412285,,,0.7637859939,-22.501161865,,,,,,,,,
"CHILL-LEM13-3E-3U-2, 99-100cm",U6,LT2,499,,,,1.0266,2.328,0,2.328,10.493965645,,,,,,,,,,,,,
"CHILL-LEM13-3E-3U-2, 100-101cm",U6,LT2,500,53.741,1.5513,0.674,0.81701,2.2401,0,2.2401,11.1564886866,0.23956,10.9093755218,,,,,,,,,,,
